Country,Year,Wheat_Yield_kg_ha,Cereal_Yield_kg_ha,Agri_Land_Percent,Fertilizer_Use,Arable_Land_Percent
Afghanistan,2000,724.0,806.3,57.9458166597673,100.0,11.77958696
Afghanistan,2001,897.7,1006.7,57.9473498612453,100.0,11.77958696
Afghanistan,2002,1541.9,1669.8,57.9396838538552,104.7535662,11.77192095
Afghanistan,2003,1500.0,1458.0,58.0838047927878,166.8209305,11.91604189
Afghanistan,2004,1265.9,1334.8,58.1512656578201,170.4697297,11.98350275
Afghanistan,2005,1821.5,1790.4,58.134400441562,190.486853,11.96663754
Afghanistan,2006,1376.0,1551.7,58.123668031216,141.0127013,11.94977232
Afghanistan,2007,1818.3,1915.3,58.129800837128,96.48854062,11.94977232
Afghanistan,2008,1226.3,1455.4,58.132867240084,94.17906552,11.94977232
Afghanistan,2009,1966.6,2040.7,58.132867240084,108.1287667,11.94823912
Afghanistan,2010,1925.2,2011.1,58.134400441562,115.2470471,11.94823912
Afghanistan,2011,1517.9,1659.9,58.131334038606,155.9629668,11.94517272
Afghanistan,2012,2010.4,2094.2,58.129800837128,114.0859818,11.94363951
Afghanistan,2013,2024.8,2127.7,58.123668031216,220.5768003,11.93597351
Afghanistan,2014,2023.7,2096.6,58.123668031216,495.0867958,11.91450869
Afghanistan,2015,2195.9,2206.4,58.123668031216,648.3988218,11.90530948
Afghanistan,2016,1980.3,2043.3,58.123668031216,662.6182866,11.85011422
Afghanistan,2017,2034.2,2091.4,58.123668031216,986.8020305,11.80411818
Afghanistan,2018,2210.0,2253.2,58.2769881790166,847.5465313,11.94977232
Afghanistan,2019,2095.1,2184.7,58.2769881790166,535.5267281,11.94057311
Afghanistan,2020,1943.4,2050.8,58.7415482268525,427.5615717,12.00343437
Afghanistan,2021,1963.1,2099.1,58.7415482268525,255.2547471,12.00343437
Afghanistan,2022,2045.3,2193.4,58.7415482268525,248.0228113,11.97430354
Afghanistan,2023,2150.6,2295.4,58.4395075356853,324.2902801,12.0294988
Algeria,2000,919.4,883.3,16.8032614811021,83.15315315,3.216975824
Algeria,2001,1110.4,1106.9,16.8402092587772,68.37662338,3.183806797
Algeria,2002,1073.9,1058.6,16.7335645368512,76.11401674,3.168691797
Algeria,2003,1448.0,1470.3,16.7548514951254,42.62684589,3.150511811
Algeria,2004,1358.2,1344.1,17.27518536868,90.69065303,3.146019297
Algeria,2005,1505.7,1500.8,17.3028962019364,53.90321646,3.153576797
Algeria,2006,1506.8,1503.7,17.2903003686381,191.4434783,3.136362491
Algeria,2007,1274.2,1253.5,17.3201105074441,61.94800155,3.13594263
Algeria,2008,1103.8,1034.0,17.344042590711,283.9566755,3.144339852
Algeria,2009,1597.5,1653.9,17.3738527295171,347.4025974,3.146019297
Algeria,2010,1483.8,1474.3,17.3713335628574,271.7889908,3.149798047
Algeria,2011,1740.5,1643.3,17.3772116183966,265.8426966,3.149798047
Algeria,2012,1763.9,1677.6,17.381490003107,287.432675,3.151687422
Algeria,2013,1910.0,1813.1,17.3955322579291,175.6784969,3.147362852
Algeria,2014,1475.3,1369.2,17.3952656461243,40.51467461,3.136110575
Algeria,2015,1464.0,1400.2,17.4059228102468,21.79200794,3.133044273
Algeria,2016,1183.3,1020.4,17.3655321884285,14.4756415,3.108734325
Algeria,2017,1150.1,990.3,17.3550108093197,14.4756415,3.136700044
Algeria,2018,2043.3,1952.0,17.3565679895505,14.4756415,3.149252417
Algeria,2019,1963.0,1767.4,17.3469816184806,14.4756415,3.161974019
Algeria,2020,1681.1,1520.4,17.3352255074022,14.4756415,3.161974019
Algeria,2021,1584.3,1433.7,17.3306070351928,14.4756415,3.161974019
Algeria,2022,1666.7,1408.0,17.351348174024,14.4756415,3.161974019
Algeria,2023,1388.9,1234.6,17.359031632336,14.4756415,3.161974019
Argentina,2000,2490.5,3461.8,46.9581867146078,587.0632653,10.09979208
Argentina,2001,2235.4,3398.6,46.9932655872605,198.9363028,10.13852501
Argentina,2002,2033.2,3275.7,47.031267699301,160.8512507,10.18091198
Argentina,2003,2539.2,3308.7,47.1749814557001,197.5844949,10.89937114
Argentina,2004,2627.1,3658.8,47.3186952120993,222.144902,11.6178303
Argentina,2005,2530.9,4075.8,47.4737365211259,208.3625494,12.34761701
Argentina,2006,2625.8,3707.6,47.5533947944415,218.9827268,13.00202069
Argentina,2007,2830.6,4294.0,47.4910932549905,382.6881166,13.51446455
Argentina,2008,1963.3,4116.5,46.4235627710848,305.8803098,13.02167947
Argentina,2009,2757.1,3249.3,45.4302094866426,153.2786359,12.60307159
Argentina,2010,3503.4,4876.2,46.1389123357048,343.5883938,13.88651985
Argentina,2011,3225.1,4596.3,45.7919603608739,303.389554,14.11431328
Argentina,2012,2658.4,4162.4,45.5813044224958,253.0057898,14.47840274
Argentina,2013,2661.9,4795.6,44.9219312381015,209.3599916,14.39377496
Argentina,2014,2810.0,4827.3,44.1959177327355,255.6534574,14.24250686
Argentina,2015,2862.3,4779.1,44.1239360687546,212.5150058,14.7452706
Argentina,2016,3304.7,5203.4,43.4324236577764,258.568032,14.62850359
Argentina,2017,3180.6,5404.6,42.9825761047104,236.7237886,14.75340148
Argentina,2018,3216.0,4671.2,42.3613927774063,364.065733,14.68233523
Argentina,2019,2938.7,5474.6,42.605848671205,347.5071687,14.92679112
Argentina,2020,2759.5,5164.3,43.0004859885482,356.2510676,15.32142844
Argentina,2021,3382.5,5193.0,43.1097420606645,543.2765177,15.43068451
Argentina,2022,2287.6,5070.0,43.4276443440799,464.8637341,15.7485868
Argentina,2023,2843.4,3811.8,42.4367915620695,345.3654773,14.75773401
Armenia,2002,2387.7,2204.7,48.8584474885845,523.6,15.98173516
Australia,2000,1820.9,2107.3,59.2881038230738,235.2523172,3.05546516
Australia,2001,2107.6,1959.6,59.3181729429988,224.3361909,3.150098278
Australia,2002,907.0,2197.5,58.1856995951733,228.4729616,3.08956953
Australia,2003,1999.8,1020.7,57.2094294677375,231.1089493,3.025135702
Australia,2004,1634.8,2116.4,51.4046574593546,252.3745093,3.350949585
Australia,2005,2021.3,1694.6,53.3993725837314,236.9127904,3.436731187
Australia,2006,917.3,2111.7,53.27857542663,224.673694,3.15374302
Australia,2007,1078.8,981.3,51.8536766332999,181.0697807,3.010166226
Australia,2008,1583.1,1332.7,50.6733660492301,215.5699052,3.123296409
Australia,2009,1572.9,1651.4,50.0184840477461,152.6385988,3.533004439
Australia,2010,2030.1,1661.5,48.9920987204353,282.4134661,3.331261471
Australia,2011,2151.1,2097.5,51.5628132199992,242.3426892,4.125704542
Australia,2012,1760.9,2231.6,50.3854314463116,267.7300326,4.118219804
Australia,2013,2006.1,1936.1,48.3937102169923,222.465692,4.063991253
Australia,2014,1917.2,2137.9,48.7383986566523,383.4000902,4.160251487
Australia,2015,1974.3,2027.3,45.3144240657095,285.7796177,4.04705622
Australia,2016,2610.0,2075.2,44.5399257932247,282.482004,3.907556143
Australia,2017,1917.8,2674.2,48.3406179391109,309.2797631,3.997909522
Australia,2018,1691.7,2035.6,46.6580950127535,304.1789799,4.026770601
Australia,2019,1468.1,1769.0,47.1237724290889,307.0820403,3.974638651
Australia,2020,2524.9,1650.5,46.2524798427461,344.5751854,3.983868997
Australia,2021,2847.0,2547.9,47.2592374954823,350.4600197,4.064602016
Australia,2022,3187.5,2880.6,47.2592374954823,337.1803747,4.064602016
Australia,2023,2667.6,3230.7,47.2234443228177,409.5132809,4.028808843
Austria,2000,4468.8,5403.9,35.630150266602,95.11940928,16.95346583
Austria,2001,5241.2,5856.2,35.3380998545807,75.19434873,16.80804653
Azerbaijan,2019,3155.5,3239.0,57.8278123260822,292.5156487,25.35872432
Azerbaijan,2020,3090.8,3227.3,57.8382498850519,468.8535596,25.21961135
Azerbaijan,2021,3210.1,3297.4,57.8415003024803,31.88735905,25.27525711
Azerbaijan,2022,3111.3,3162.9,57.8402903811252,31.24362087,25.31034483
Azerbaijan,2023,3302.0,3368.2,57.8294010889292,55.04251932,25.30792498
Bangladesh,2000,2210.4,3384.4,72.2132595836214,114.7718816,64.14688484
Bangladesh,2001,2164.3,3311.0,72.2363063685949,123.7386472,63.78581854
Bangladesh,2002,2164.4,3395.0,71.8521932857033,129.2054413,63.40170546
Bangladesh,2003,2132.7,3479.3,71.6601367442575,130.4410962,63.20964892
Bangladesh,2004,1952.7,3439.4,71.6217254359684,140.6429121,62.55665668
Bangladesh,2005,1747.8,3681.6,71.5295382960744,164.7302004,62.31082431
Bangladesh,2006,1534.4,3761.4,71.2913881846816,172.0708114,62.0726742
Bangladesh,2007,1847.1,4020.9,71.1838365214719,156.5491047,61.58100945
Bangladesh,2008,2175.3,4102.5,71.0839671199201,207.7809722,61.48114005
Bangladesh,2009,2151.6,4176.0,71.0301912883153,238.0816624,61.37358838
Bangladesh,2010,2395.9,4288.3,70.9917799800261,306.3179855,61.27371898
Bangladesh,2011,2601.2,4352.8,70.1236844126911,415.4171603,60.40562342
Bangladesh,2012,2778.9,4395.8,70.0622263194284,407.8399347,60.34416532
Bangladesh,2013,3013.8,4508.6,69.9700391795345,384.2473562,59.29169548
Bangladesh,2014,3031.9,4540.9,69.900898824614,469.3656569,59.1457325
Bangladesh,2015,3086.0,4560.4,70.3867250518553,476.94974,59.63155873
Bangladesh,2016,3031.0,4601.0,70.6323269570562,392.3759299,59.87716064
Bangladesh,2017,3157.6,4706.0,70.5794729968503,460.5520369,59.82430668
Bangladesh,2018,3130.2,4790.2,70.694476453868,572.9675926,59.70884228
Bangladesh,2019,3078.0,4810.9,72.1902127986479,544.2114819,60.35952985
Bangladesh,2020,3097.0,4901.8,72.4437274333564,554.9239149,60.61304448
Bangladesh,2021,3299.6,4919.6,72.3515402934624,673.5128826,60.49089652
Bangladesh,2022,3450.0,5005.3,72.3706433287272,665.6406709,60.78381698
Bangladesh,2023,3494.6,5159.9,72.311124788429,667.524425,60.62778889
Belarus,2000,2136.7,1949.7,45.6105063890204,19.95884264,30.23446127
Belarus,2001,2125.5,2000.7,45.0000985979373,17.35397543,28.40113585
Belarus,2002,2691.9,2477.8,44.4956096021772,16.85772232,27.68834831
Belarus,2003,2508.2,2433.0,44.3039846962421,15.11089291,27.45703214
Belarus,2004,3304.0,2986.1,44.1634001429875,14.84311207,27.35497868
Belarus,2005,3281.2,2848.5,44.1200396385204,16.29132693,27.32297013
Belarus,2006,2819.1,2550.5,44.1489571422939,23.68635731,27.30355242
Belarus,2007,3277.1,2880.9,43.9426124070359,20.08581348,27.20045737
Belarus,2008,3975.2,3549.7,43.9473243240579,21.94545375,27.18553785
Belarus,2009,3542.8,3367.9,43.9974765645792,46.66628739,27.32407417
Belarus,2010,2885.1,2808.3,43.8536830588166,24.2374591,27.27917911
Belarus,2011,3308.8,3241.4,43.7386033216697,26.67016301,27.24853383
Belarus,2012,3582.2,3479.1,43.3516182928452,25.91063647,27.21551117
Belarus,2013,3061.0,3007.8,42.9317720346167,26.99584452,27.40010251
Belarus,2014,3942.4,3720.5,42.4879171121282,16.53896015,27.89582851
Belarus,2015,3962.3,3690.2,42.242016376159,14.68444966,27.97051897
Belarus,2016,3293.8,3207.3,42.0354897826473,11.5781354,28.00066999
Belarus,2017,3654.0,3358.7,41.8448381185095,10.00056635,28.21349045
Belarus,2018,2749.6,2723.9,41.6444969947778,10.58640033,28.14070352
Belarus,2019,3327.4,3095.6,41.3223954869066,10.27793824,28.1477102
Belarus,2020,3941.3,3539.9,40.7971228692482,11.70912052,27.88452064
Belarus,2021,3360.9,3018.7,40.2759300320276,10.90281227,27.71125893
Belarus,2022,3647.8,3386.3,39.8738854130745,12.53958139,27.617124
Belarus,2023,3702.2,3414.2,39.5796692333841,12.67920871,27.42988329
Belgium,2002,8275.7,8500.9,45.7950087363597,28.12611399,27.42887284
Belgium,2003,8578.6,8530.7,45.8972076616227,30.15074468,27.52777503
Belgium,2004,8980.6,9184.9,45.8675370059012,28.62356032,27.69261201
Belgium,2005,8273.3,8649.5,45.5939076253585,26.4899792,27.79151419
Belgium,2006,8254.9,8373.3,45.4950054396202,24.83544533,27.7585468
Belgium,2007,7890.8,8637.7,45.0631325618963,24.3031639,27.65964461
Belgium,2008,8758.5,8885.8,45.0103847295025,18.38781056,27.82448159
Belgium,2009,9465.2,9710.0,44.9543401575841,23.92123599,27.69261201
Belgium,2010,8827.2,9348.1,44.6938977351399,25.17464004,27.49480764
Belgium,2011,8404.6,9009.0,44.0345498302179,24.60491742,27.19810108
Belgium,2012,8452.2,8666.3,43.9125704678073,25.47330308,26.47281838
Belgium,2013,8934.9,9212.5,44.0609237464148,23.62015853,26.90139452
Belgium,2014,9412.9,9435.4,43.8894932911351,23.28393326,26.93436192
Belgium,2015,10015.2,9842.2,43.7807008868229,22.64873078,27.34645436
Belgium,2016,6787.1,6984.8,44.5323574984341,21.68470392,28.00250552
Belgium,2017,8617.4,9050.7,43.7477334915768,19.3179988,27.56074243
Belgium,2018,8492.3,7983.1,44.403633620831,22.00306502,27.87525006
Belgium,2019,9336.4,8988.5,44.4677641503247,18.41375923,28.11326818
Belgium,2020,8946.3,8430.6,44.7500918213419,24.1561267,28.36218928
Belgium,2021,7788.4,7906.2,44.7848757132551,20.1658993,28.38722372
Belgium,2022,9057.4,8603.5,44.5661441595068,17.89193432,28.31868564
Belgium,2023,8424.7,8485.7,44.3792221420607,21.00965626,28.30568636
Bosnia and Herzegovina,2009,3775.1,4503.1,41.5625,163.7711578,19.47265625
Bosnia and Herzegovina,2010,2662.1,3853.0,41.875,258.0824164,19.609375
Bosnia and Herzegovina,2011,3596.0,3724.9,42.01171875,123.1806563,19.62890625
Bosnia and Herzegovina,2012,3708.2,3000.6,42.109375,191.3822216,19.58984375
Bosnia and Herzegovina,2013,3920.6,4026.9,42.20703125,209.6748966,19.70703125
Bosnia and Herzegovina,2014,2864.0,3977.4,42.12890625,179.2576266,19.6484375
Bosnia and Herzegovina,2015,3526.3,3812.1,42.5,168.4272788,19.9609375
Bosnia and Herzegovina,2016,4294.5,5191.7,43.14453125,252.2930867,20.0390625
Bosnia and Herzegovina,2017,4174.0,3732.1,43.515625,226.1469443,20.703125
Bosnia and Herzegovina,2018,4019.6,5487.9,43.18359375,468.7170013,20.09765625
Bosnia and Herzegovina,2019,3839.2,5354.7,43.28125,276.0186704,19.82421875
Bosnia and Herzegovina,2020,4602.9,6050.7,43.7890625,361.9057585,19.82421875
Bosnia and Herzegovina,2021,4788.8,4422.1,44.19921875,447.016174,19.6875
Bosnia and Herzegovina,2022,5460.0,6912.7,21.81640625,265.4565058,7.36328125
Brazil,2000,1515.6,2643.3,27.3175012622426,250.5421483,5.437573431
Brazil,2001,1948.8,3147.6,27.3299083288866,277.985447,5.50660793
Brazil,2002,1475.4,2844.8,27.3423153955306,275.3455524,5.575642428
Brazil,2003,2403.5,3385.4,27.3547224621746,312.7442528,5.644676926
Brazil,2004,2072.8,3131.8,27.3671295288186,348.0629798,5.713711424
Brazil,2005,1973.5,2882.6,27.3795365954626,281.6431061,5.782745922
Brazil,2006,1592.7,3210.5,27.3925777744809,279.696664,5.852258995
Brazil,2007,2219.9,3553.1,27.4788170573836,340.2846836,5.92679711
Brazil,2008,2549.7,3831.3,27.5650563402862,334.1701044,6.001215581
Brazil,2009,2080.2,3532.1,27.6512956231889,274.5396803,6.075753696
Brazil,2010,2828.8,4040.6,27.7375349060916,322.0154795,6.150291811
Brazil,2011,2660.2,4037.5,27.8237741889942,401.8982834,6.224710282
Brazil,2012,2310.0,4584.5,27.9100134718969,391.6471278,6.299248397
Brazil,2013,2749.1,4826.4,27.9962527547995,442.7540285,6.373666868
Brazil,2014,2208.8,4640.4,28.0824920377022,480.7485639,6.448204983
Brazil,2015,2227.8,5000.6,28.168707391836,402.5328716,6.522743098
Brazil,2016,3155.1,4181.7,28.2549706035075,526.3363615,6.597161569
Brazil,2017,2279.0,5209.6,28.3411141713348,635.8643912,6.671580041
Brazil,2018,2629.2,4806.5,28.338218790305,590.8926816,6.668708588
Brazil,2019,2657.8,5321.3,28.3353473380441,803.6594441,6.665837136
Brazil,2020,2607.9,5255.3,28.3324758857832,790.8127115,6.662965684
Brazil,2021,2862.1,4479.0,28.3296044335223,756.8751119,6.660094231
Brazil,2022,3265.8,4907.4,28.3267329812614,663.0296997,6.657222779
Brazil,2023,2321.2,5336.3,28.3267329812614,718.2958138,6.657222779
Bulgaria,2000,2842.1,2459.9,50.4564765434331,30.4339092,31.87200579
Bulgaria,2001,3008.1,2898.5,49.6971888276236,46.70720747,31.33869656
Bulgaria,2002,3012.3,3156.3,48.9430147058824,97.71015621,30.83639706
Bulgaria,2003,2382.8,2371.3,48.9657074561,107.7159516,30.55070332
Bulgaria,2004,3810.0,4077.8,49.006987863185,54.91225912,30.46156675
Bulgaria,2005,3156.7,3387.0,48.4628129602356,45.13951706,29.20655376
Bulgaria,2006,3402.6,3572.5,47.7768572217619,58.08989159,28.83181442
Bulgaria,2007,2197.3,2523.7,47.1043182027438,67.77004197,28.40438265
Bulgaria,2008,4167.4,4094.3,46.9662093729859,75.25912099,28.43200442
Bulgaria,2009,3187.3,3413.0,46.3338246131172,129.9656398,28.97936625
Bulgaria,2010,3618.5,4031.0,46.5364775239499,81.86535631,29.34782609
Bulgaria,2011,3919.7,4251.2,46.8680913780398,85.60237816,29.93736183
Bulgaria,2012,3759.6,3671.8,47.1904937361828,81.12244898,30.55453206
Bulgaria,2013,4188.5,4561.0,46.0114222549742,128.2791868,32.0467944
Bulgaria,2014,4217.2,4860.7,45.8456153279293,114.932738,32.11127487
Bulgaria,2015,4531.6,4669.6,46.1670965364775,133.9931744,32.32958732
Bulgaria,2016,4748.3,4817.8,46.2509211495947,151.3820085,32.20338983
Bulgaria,2017,5358.3,5479.7,46.3294030950626,55.68897979,32.13964628
Bulgaria,2018,4912.9,5561.7,46.3338246131172,67.71150986,32.0375829
Bulgaria,2019,5272.2,5774.7,46.3983050847458,73.03866292,32.01915991
Bulgaria,2020,4039.3,4373.4,46.4904200442152,74.3822834,32.16654385
Bulgaria,2021,6087.8,5949.6,46.4904200442152,68.61453727,32.24023581
Bulgaria,2022,5343.8,5151.2,46.2601326455416,80.27482735,31.94546794
Bulgaria,2023,5614.5,5223.8,46.0850221075903,82.73470316,32.11634119
Canada,2000,2444.6,2805.7,6.83580221714355,18.46306766,4.569805222
Canada,2001,1945.2,2446.8,6.83816244106634,20.6926185,4.567239858
Canada,2002,1832.4,2375.4,6.92547841246365,22.81545375,4.530097852
Canada,2003,2256.5,2758.8,6.90930546679025,21.07804189,4.492955846
Canada,2004,2640.9,3141.9,6.89313252111685,18.08943524,4.455813839
Canada,2005,2738.1,3215.9,6.87695957544345,24.38269795,4.418671833
Canada,2006,2609.6,3046.3,6.75739131501664,16.85736368,4.381529827
Canada,2007,2331.7,2973.4,6.6931456825485,21.45612693,4.337026342
Canada,2008,2857.5,3391.7,6.62890005008036,27.59797169,4.292522857
Canada,2009,2789.7,3299.5,6.56465441761223,26.10166814,4.248019372
Canada,2010,2808.5,3501.1,6.50040878514409,21.54817281,4.203515887
Canada,2011,2956.8,3552.4,6.43568354118357,26.39830626,4.158677789
Canada,2012,2874.3,3456.3,6.44363616895263,28.98420227,4.186450641
Canada,2013,3598.0,4160.4,6.45155533545478,26.70968347,4.214223492
Canada,2014,3081.8,3647.0,6.45947450195693,26.89098664,4.241996344
Canada,2015,2892.5,3673.0,6.46750520601544,25.67180445,4.269880733
Canada,2016,3580.5,4239.1,6.47475514717938,25.25475945,4.297542047
Canada,2017,3381.5,4104.8,6.45441069689781,24.26808904,4.295199758
Canada,2018,3274.2,3914.7,6.45681990811536,23.9234979,4.315388056
Canada,2019,3383.4,4010.8,6.43435624426279,24.82322852,4.310703479
Canada,2020,3537.4,4091.9,6.37073522211031,28.39221281,4.264638468
Canada,2021,2437.5,3119.8,6.48457678610033,27.88238409,4.353203545
Canada,2022,3449.0,4078.7,6.49436207857817,26.47534572,4.36310262
Canada,2023,3120.1,3694.7,6.47137801950231,37.39697017,4.340915039
Chile,2000,3812.0,4362.1,20.3219229300151,92.60326609,2.353631047
Chile,2001,4299.9,4935.7,20.3757202111005,94.01980198,2.353631047
Chile,2002,4272.2,5183.3,20.9338670023617,61.67576336,2.219137845
Chile,2003,4323.0,5390.0,20.7455765185628,64.68591501,2.017398041
Chile,2004,4571.0,5657.5,21.4314918524018,62.80291434,2.017398041
Chile,2005,4413.0,5811.2,21.364245251045,56.49051223,1.950151439
Chile,2006,4460.1,5998.3,21.2499260287385,59.28819992,1.815658237
Chile,2007,4785.9,5744.3,21.1584706508933,59.48035592,1.697304218
Chile,2008,4574.8,5844.4,20.7361278330993,42.80588726,1.768479904
Chile,2009,4080.9,5462.3,20.3137863602374,31.28533602,1.839655724
Chile,2010,5765.8,6815.4,19.7952795575712,42.08201549,1.81466877
Chile,2011,5806.0,6927.8,19.3910934566367,34.77009174,1.904001038
Chile,2012,4946.8,6229.6,18.8793126590382,33.1647783,1.885738744
Chile,2013,5814.3,6913.2,18.4482291279999,36.15046069,1.948172506
Chile,2014,5329.0,6128.4,18.0003149864236,36.05092792,1.953867716
Chile,2015,5632.6,7082.3,17.5651877090955,36.9253415,2.013490781
Chile,2016,6070.6,6858.2,17.0258627541733,30.49717787,1.981165473
Chile,2017,5996.6,6779.4,16.5754635041584,33.89593864,2.02511264
Chile,2018,6213.7,7144.3,16.0160767248496,31.80527218,1.960072277
Chile,2019,6286.0,7157.2,15.435346965027,49.4398694,1.883637994
Chile,2020,6003.8,6245.8,14.9026289456383,41.33714028,1.850897197
Chile,2021,5982.1,6491.2,14.5631870231053,40.41762855,2.018095244
Chile,2022,5891.7,6113.9,14.3199327104591,27.53160376,1.745886861
Chile,2023,5951.0,6382.3,14.4010249751882,117.4017677,1.893968868
China,2000,3738.2,4752.6,55.694583211727,119.973872,12.6797199
China,2001,3806.1,4800.3,55.7578718644915,118.1251874,12.74298198
China,2002,3776.6,4869.1,55.8211320658973,125.7298304,12.78493429
China,2003,3931.8,4871.1,55.8843892938216,112.2727788,12.80558261
China,2004,4251.9,5186.8,55.9476447513305,109.7543234,12.82623053
China,2005,4275.3,5224.6,56.0109031839269,114.5006351,12.85220495
China,2006,4593.5,5313.4,56.0741598447602,109.3197557,12.88883063
China,2007,4607.6,5320.6,56.1374176962452,100.6016937,12.88284996
China,2008,4762.0,5549.7,56.2006719746855,98.18996641,12.90882344
China,2009,4739.0,5449.6,56.2639250438662,95.59717502,12.9294708
China,2010,4748.4,5527.5,56.1834730812931,93.03171281,12.79608011
China,2011,4837.4,5710.0,56.1036602181182,93.50829273,12.6413861
China,2012,4986.8,5828.7,56.0235278052443,93.98378752,12.49734374
China,2013,5055.3,5897.7,55.9433953923703,92.69346933,12.39590802
China,2014,5243.3,5896.3,55.8632629794963,87.45308519,12.31364527
China,2015,5392.3,5985.2,55.7831305666223,82.18445708,12.23564319
China,2016,5396.1,6018.6,55.7030573453299,92.25367854,12.08451877
China,2017,5483.8,6110.8,55.6228503623161,92.13984479,11.89087164
China,2018,5416.3,6122.0,55.54274989588,93.95611707,11.7685906
China,2019,5629.4,6265.1,55.462649429444,89.39780127,11.60421422
China,2020,5741.6,6296.1,55.4526368711394,88.56559569,11.58949363
China,2021,5810.2,6317.5,55.4426243128349,84.51833998,11.60657889
China,2022,5855.2,6381.3,55.4326117545304,88.95960425,11.56355684
China,2023,5780.7,6418.1,55.4326117545304,92.03127771,11.54928362
Colombia,2000,1599.2,3234.2,40.4317260027039,208.6212361,2.53988283
Colombia,2001,1510.6,3138.3,37.6250563316809,676.2243027,2.263723299
Colombia,2002,1735.3,3340.5,37.5006759801713,818.4628571,1.884736368
Colombia,2003,1949.6,3621.8,37.9008562415502,818.1024811,1.889347454
Colombia,2004,1887.9,3584.5,38.2073005858495,620.9542683,1.796609283
Colombia,2005,2337.1,3643.3,38.3569175304191,830.2541806,1.65178639
Colombia,2006,1549.0,3358.8,38.011716989635,709.2293333,1.423418657
Colombia,2007,1870.9,3599.2,38.2478593961244,686.1432292,1.570374042
Colombia,2008,1815.1,3664.2,38.408292023434,615.4492512,1.524892294
Colombia,2009,1694.6,3611.3,38.3415953132041,475.3326103,1.457458315
Colombia,2010,1769.7,3410.4,38.3082469580892,489.6847004,1.38715187
Colombia,2011,1596.4,3351.5,37.603424966201,605.8246073,1.448691302
Colombia,2012,1519.6,3381.8,38.411536728256,559.902719,1.435167192
Colombia,2013,1693.8,3277.8,40.392609283461,449.479021,1.325224876
Colombia,2014,1478.5,3754.6,40.3785488958991,428.6253968,1.39257233
Colombia,2015,1853.9,3893.5,40.3644885083371,427.8677075,1.40620009
Colombia,2016,1594.1,3792.5,40.3504281207751,464.3534188,1.515679135
Colombia,2017,2094.1,3856.0,39.195132942767,504.008761,1.605108607
Colombia,2018,1888.7,4014.2,39.7007661108607,436.9536298,2.015216764
Colombia,2019,2079.4,4167.0,39.9765660207301,437.5327635,2.087351059
Colombia,2020,2483.2,4398.6,39.8467278954484,509.425435,2.113054259
Colombia,2021,2678.8,4278.9,38.7691151870212,508.001657,2.160192249
Colombia,2022,2821.3,4397.1,37.6412798557909,411.6275891,2.210635421
Croatia,2000,4745.5,4114.8,20.9078552010302,52.20391834,15.05937902
Croatia,2001,4404.7,4840.3,21.0688224352554,51.60152806,15.25611675
Croatia,2002,4591.9,5316.2,21.1224781799971,70.67179487,15.345543
Croatia,2003,3220.7,3601.0,21.3708812808234,71.04750992,15.43849618
Croatia,2004,4927.8,5408.9,21.0135086841541,65.37420677,15.13472947
Croatia,2005,4114.4,5592.8,21.6389107283254,59.10971943,15.59931384
Croatia,2006,4583.3,5420.2,21.9784146951612,73.65624568,15.74226288
Croatia,2007,4640.8,4558.1,21.4780930598242,72.88783742,15.22407262
Croatia,2008,5483.3,6639.1,23.0344507183189,90.16378878,15.3795297
Croatia,2009,5189.6,6109.8,23.2220713315703,39.71012561,15.51533128
Croatia,2010,4041.5,5456.0,23.8331784718748,63.17239921,16.16038882
Croatia,2011,5223.7,5220.0,23.6955900221571,60.04685172,16.02280037
Croatia,2012,5347.3,4573.6,23.7831463083411,41.64792029,16.19612608
Croatia,2013,4884.6,5444.9,28.0055035379887,35.91727513,15.66006719
Croatia,2014,4156.0,6027.7,26.954828103781,39.65467779,14.52540919
Croatia,2015,5380.9,5695.0,27.4676577800014,34.70529362,15.07576299
Croatia,2016,5653.7,6665.5,27.6249017225359,23.98187006,15.61718247
Croatia,2017,5808.4,5704.8,26.7493388606962,35.41784312,14.59867057
Croatia,2018,5438.8,7055.6,26.5170466728611,41.8189541,14.36637839
Croatia,2019,5611.4,7157.3,26.8744192695304,37.81362514,14.70588235
Croatia,2020,5868.0,6992.4,26.8942101501072,40.57574152,15.88634739
Croatia,2021,6696.0,7012.9,26.3759828448892,63.81645094,15.31451036
Croatia,2022,6003.0,5823.1,25.8756254467477,211.2173198,15.24303074
Croatia,2023,4826.3,5913.8,26.554681915654,221.8444562,15.51107934
Czechia,2000,4208.5,3906.0,55.3901902420085,100.7785646,41.96971658
Czechia,2001,4848.3,4508.6,55.3643069755403,119.9872327,41.87912515
Czechia,2002,4555.1,4324.0,47.2636210689789,174.4183624,35.97372848
Czechia,2003,4068.4,3940.8,47.475346188689,130.9266066,35.70958975
Czechia,2004,5841.9,5443.6,47.0022003624126,127.6761152,35.34157391
Czechia,2005,5052.2,4741.6,46.6669686771939,153.1873602,35.10768833
Czechia,2006,4486.5,4159.0,46.1611650485437,147.6155798,34.14161812
Czechia,2007,4857.0,4522.0,46.5592233009709,139.2388195,33.9971521
Czechia,2008,5772.6,5362.8,46.2404194717763,164.7516567,33.66442258
Czechia,2009,5242.5,5073.9,45.907172449508,120.5759291,33.42672191
Czechia,2010,4992.4,4695.8,45.6289006862618,140.2402043,32.9914541
Czechia,2011,5692.1,5592.6,45.3714877638224,183.7391457,32.65065389
Czechia,2012,4315.6,4529.5,45.6544089084553,151.3751155,32.61426907
Czechia,2013,5667.6,5309.3,45.5969955969956,248.3938802,32.38798239
Czechia,2014,6510.4,6219.8,45.5322455322455,339.7900498,32.23258223
Czechia,2015,6355.9,5880.6,45.2532055433234,275.359932,32.24970859
Czechia,2016,6495.9,6317.0,45.17549540215,294.5233838,32.26266028
Czechia,2017,5670.5,5497.5,45.6029011786038,312.956344,32.32741873
Czechia,2018,5389.6,5206.9,45.628804558995,287.008586,32.17199845
Czechia,2019,5732.5,5653.2,45.6399997409511,363.7620034,32.17998718
Czechia,2020,6138.9,6042.7,45.6468665918898,475.4608575,32.17877335
Czechia,2021,6321.4,6113.0,45.730560511424,253.7016358,32.06939578
Czechia,2022,6072.7,5929.6,45.7476202749375,290.185284,32.12725696
Czechia,2023,6435.1,6070.1,45.8019594048309,311.6012992,32.71172728
Denmark,2000,7479.7,6216.0,66.175,225.1612903,57.025
Denmark,2001,7355.9,6126.6,66.9,199.1406452,57.3
Denmark,2002,7034.5,5761.8,66.625,223.6252049,56.9
Denmark,2003,7076.8,6096.6,66.45,191.5562924,56.65
Denmark,2004,7140.6,6013.1,66.15,327.5758573,56.725
Estonia,2000,2128.5,2114.7,23.2602028780373,92.46792333,19.88676575
Estonia,2001,2230.2,2037.0,20.9955178108044,75.18030215,15.97074782
Estonia,2002,2302.5,2024.0,16.4708657702288,111.3048137,14.47511205
Estonia,2003,2157.4,1921.7,19.5494220334985,114.85,12.85680585
Estonia,2004,2508.3,2330.3,18.1740976645435,65.73775169,12.25053079
Estonia,2005,3081.8,2694.4,20.8044350082567,35.71916621,13.96083982
Estonia,2006,2417.3,2209.9,21.1960368011323,42.57473578,13.18943147
Estonia,2007,3474.6,3009.1,21.5758433592828,47.16560344,14.13776834
Estonia,2008,3183.1,2792.8,21.3918376975702,65.39182561,14.10238264
Estonia,2009,3014.6,2760.5,21.9815994338287,423.1193786,14.06935598
Estonia,2010,2744.0,2464.2,22.3826374144845,6118.030513,15.2158528
Estonia,2011,2806.5,2598.9,22.3165841000236,17328.73563,14.91861288
Estonia,2012,3899.4,3412.0,22.550129747582,19054.54545,14.63788629
Estonia,2013,3275.4,3135.6,22.1992178513918,14395.34247,14.67678859
Estonia,2014,3986.4,3669.6,22.4062571888659,23082.29942,15.04485852
Estonia,2015,4788.5,4381.6,22.8433402346446,47056.2442,15.52795031
Estonia,2016,2768.5,2658.4,23.0733839429492,49620.57184,16.0110421
Estonia,2017,4201.8,3967.3,22.9707602339181,24085.51835,15.88304094
Estonia,2018,2912.9,2624.9,23.0409356725146,22868.77794,15.97660819
Estonia,2019,5069.9,4458.6,23.1204678362573,23596.10577,16.14035088
Estonia,2020,5001.9,4411.5,23.0409356725146,24917.41799,16.23391813
Estonia,2021,4090.4,3502.4,23.0877192982456,27443.74574,16.37426901
Estonia,2022,4719.7,4224.5,23.075122864498,22973.71013,16.5457524
Estonia,2023,3999.1,3409.5,23.1219283875497,20163.26994,16.63936344
Finland,2000,3600.7,3498.7,7.2819199579763,88.20058997,7.183755212
Finland,2001,3381.1,3164.4,7.2950523654749,83.42696629,7.200827342
Finland,2002,3258.5,3295.0,7.34101579172002,72.35077701,7.239567944
Finland,2003,3549.4,3178.0,7.37384681046653,96.60564594,7.26813093
Finland,2004,3473.8,3210.6,7.39682852358909,82.91223506,7.290784333
Finland,2005,3730.4,3422.9,7.46511704258183,69.31902379,7.342657343
Finland,2006,3557.5,3293.8,7.56568346979711,73.23666054,7.433165631
Finland,2007,3932.9,3654.7,7.54677891413726,58.27678368,7.42115821
Finland,2008,3640.8,3542.3,7.55643303718328,54.06000125,7.433695295
Finland,2009,4102.7,3760.4,7.55676209279368,48.84776254,7.43106285
Finland,2010,3429.9,3135.3,7.54162553471537,53.61446941,7.419545903
Finland,2011,3846.9,3521.7,7.52443318305966,48.32956135,7.405640199
Finland,2012,3902.8,3533.6,7.51949718648195,42.61723646,7.401033269
Finland,2013,3821.5,3689.5,7.43196551383724,34.63265986,7.318766659
Finland,2014,4069.6,3691.4,7.46026522754944,56.98327574,7.34081411
Finland,2015,4103.0,3613.9,7.48050409660755,45.25085263,7.378171169
Finland,2016,3830.3,3573.3,7.48576881313547,48.21822158,7.390345826
Finland,2017,4127.6,3957.9,7.4690708081074,63.07664923,7.3769413
Finland,2018,2821.1,3052.7,7.47565148723348,58.23791898,7.38023164
Finland,2019,4626.4,4257.5,7.48198598361465,46.28638554,7.386569276
Finland,2020,3453.8,3589.3,7.46857932486675,49.84505863,7.379746003
Finland,2021,3235.2,2777.3,7.46181004166177,41.82194833,7.379559049
Finland,2022,3843.7,3770.1,7.45522996225995,119.7367635,7.37297897
Finland,2023,3268.6,3310.5,7.44176865377023,1716.035303,7.382550336
France,2000,7117.5,7231.5,55.3064291678263,255.5363748,34.05584934
France,2001,6616.9,6729.2,55.1318304109843,256.7600787,34.04007793
France,2002,7445.5,7453.0,54.9414602467761,279.5089126,34.0875777
France,2003,6250.0,6125.3,54.8002597643566,346.2066157,34.05659152
France,2004,7578.8,7518.7,54.6588737359681,321.8712843,34.08108359
France,2005,6988.7,6965.4,54.5327024770387,226.6491044,34.098896
France,2006,6741.4,6800.5,54.3885332591149,163.9060836,34.02727526
France,2007,6254.2,6520.6,54.1907412561462,174.2774378,33.92930699
France,2008,7101.8,7252.8,54.0126171258929,138.3681115,33.89683644
France,2009,7447.8,7412.4,53.8452546618425,140.6256648,33.8736432
France,2010,7040.5,7068.6,53.6715836348455,159.2693821,33.95621115
France,2011,6656.3,6919.3,53.5830782076259,422.97903,33.90741256
France,2012,7151.2,7254.5,53.5203636700993,499.9426063,33.92095742
France,2013,7265.6,7084.8,53.3884404861304,419.087988,33.96548845
France,2014,7353.0,7579.1,53.3750811763614,605.5398852,34.01632805
France,2015,7800.8,7590.5,53.301604972632,449.9064906,34.28648298
France,2016,5289.6,5690.9,53.2851303460432,505.1928666,34.05866221
France,2017,7253.8,7306.7,53.2470526022822,560.5960365,34.25988867
France,2018,6768.0,6829.1,53.1776602653307,423.053706,33.63280453
France,2019,7742.8,7491.9,52.915574914185,444.0426349,33.29211522
France,2021,6928.4,7171.3,52.7417272474256,1418.352886,31.56217645
France,2022,6996.7,6654.9,52.6738892290565,7180.740621,31.52491882
France,2023,7201.6,7274.0,52.5043974394656,7180.740621,31.35586975
Georgia,2000,1043.0,1369.0,43.1716793783278,42.0,11.41171392
Georgia,2001,2688.3,2012.2,43.2148510577061,71.6112532,11.44049504
Georgia,2002,1698.4,1860.1,43.2292416174989,31.80722892,11.49805727
Georgia,2003,1934.7,2136.9,43.2580227370845,14.98511111,11.54122895
Georgia,2004,1816.5,2003.4,35.8612750035976,15.1187882,6.504533026
Georgia,2005,1988.9,2011.6,36.2642106777954,22.68507196,6.763563103
Georgia,2006,1246.9,1583.8,36.2354295582098,17.22493293,6.648438624
Georgia,2007,1668.2,2114.5,36.221038998417,14.51957943,6.662829184
Georgia,2008,1683.4,2090.4,36.1778673190387,14.04877254,6.605266945
Georgia,2009,1073.7,1907.8,35.9476183623543,16.09602529,6.23111239
Georgia,2010,1018.9,1271.4,35.4007770902288,12.95957475,5.684271118
Georgia,2011,2068.4,2201.3,35.147503237876,10.68711991,5.430997266
Georgia,2012,1698.9,2186.4,35.0410130954094,13.74710835,5.324507123
Georgia,2013,1836.7,2200.6,35.7763707008203,18.91280882,5.982155706
Georgia,2014,1353.3,2032.8,34.7675924593467,15.31589382,5.252554324
Georgia,2015,2579.1,1959.4,34.7978126349115,14.65919309,5.291408836
Georgia,2016,2573.2,2514.5,34.4510001439056,21.0141317,4.950352569
Georgia,2017,2214.9,1976.2,34.3186069938121,15.46258662,4.662541373
Georgia,2018,2473.4,2531.2,34.1660670600086,12.6057367,4.475464096
Georgia,2019,2334.1,2539.1,34.1430421643402,12.12787167,4.417901856
Georgia,2020,2202.2,2647.0,34.2193121312419,37.38498016,4.461073536
Georgia,2021,2701.8,2750.4,34.2480932508275,33.22554548,4.489854655
Georgia,2022,2850.9,2408.5,34.3056554899986,29.64152285,4.547416895
Georgia,2023,2639.1,2568.5,34.1329687724852,28.91691692,4.374730177
Germany,2000,7282.6,6452.9,48.9124516406362,60.97090141,33.82719587
Germany,2001,7882.7,7055.2,48.8220120378332,56.1614383,33.85783892
Germany,2002,6905.6,6251.5,48.6355558103537,57.44202654,33.79865849
Germany,2003,6498.5,5764.5,48.7400017201342,55.02591865,33.90671139
Germany,2004,8171.6,7355.3,48.7799982796686,57.52303895,34.11417266
Germany,2005,7465.1,6723.2,48.8330083725198,52.8730291,34.13235463
Germany,2006,7200.7,6486.6,48.5948612066988,50.34132955,34.02729984
Germany,2007,6961.1,6182.9,48.6133019760805,59.32284051,34.06372788
Germany,2008,8087.3,7118.8,48.5356968706078,56.26232494,34.22539655
Germany,2009,7809.1,7201.4,48.4380826711798,69.58052511,34.26465104
Germany,2010,7212.0,6685.2,47.9100324181656,66.87341259,33.98456551
Germany,2011,7013.9,6458.3,47.9659169153087,60.11420045,34.06873996
Germany,2012,7331.2,6964.9,47.8108681930338,58.07284645,33.95306134
Germany,2013,7997.9,7318.0,47.8588626461821,55.88383441,34.04035772
Germany,2014,8629.6,8050.3,47.9363714531384,58.44843577,34.01834336
Germany,2015,8087.7,7497.8,47.9590666743106,54.80768087,33.95631485
Germany,2016,7640.9,7182.1,47.6843370735058,55.54228364,33.67013968
Germany,2017,7644.3,7269.9,47.7631164667831,49.74070684,33.6949366
Germany,2018,6673.7,6178.9,47.6415364359723,47.92683782,33.57662144
Germany,2019,7396.4,6952.0,47.7002776267209,50.98131938,33.52700421
Germany,2020,7819.5,7133.3,47.4970663155786,47.41760948,33.38389765
Germany,2021,7301.5,6998.1,47.4856177910072,38.48101749,33.36672486
Germany,2022,7577.3,7126.1,47.5011449507671,39.24765341,33.36672773
Germany,2023,7431.8,7007.3,47.4658729931603,47.17811844,33.42872678
Greece,2000,2666.6,3868.8,66.1675717610551,131.0721472,21.26454616
Greece,2001,2509.6,3847.6,65.4615981380915,129.4294294,21.10162917
Greece,2002,2343.2,3747.2,64.7245927075252,207.5218936,21.07835531
Greece,2003,2007.6,3693.6,64.0186190845617,141.1345003,21.03956555
Greece,2004,2475.7,4017.4,62.6842513576416,175.0866199,20.39565555
Greece,2005,2405.8,4049.8,62.1024049650892,188.1572929,20.47323507
Greece,2006,2285.9,3918.9,61.0007757951901,381.3375838,20.04654771
Greece,2007,2235.3,3929.9,60.1474010861133,510.6259077,19.91466253
Greece,2008,2776.9,4515.8,59.4026377036462,472.5883641,19.82932506
Greece,2009,2743.6,4266.2,58.6501163692785,630.6862165,19.75950349
Greece,2010,2604.4,4064.9,58.0993017843289,185.1914952,19.91466253
Greece,2011,2700.4,4344.1,57.377812257564,87.48734278,19.79829325
Greece,2012,2665.0,4206.7,56.5011636927851,147.8004006,19.70519783
Greece,2013,2777.7,4393.3,55.4926299456943,169.1908282,19.47245927
Greece,2014,2746.6,4286.5,48.1070597362296,124.6639327,17.25368503
Greece,2015,2905.0,4214.9,48.0915438324282,98.09824572,16.84251358
Greece,2016,2892.8,4223.5,47.6027928626843,135.7729602,16.60201707
Greece,2017,2928.4,4317.2,46.9630783553142,79.90790666,16.62441738
Greece,2018,2652.6,3799.6,46.1108642358417,149.4200502,16.61206129
Greece,2019,2793.9,4043.5,45.4892645461598,187.5792698,16.51131575
Greece,2020,3077.3,4197.1,43.6358456167572,254.8232421,13.99270908
Greece,2021,2820.3,4194.7,44.3128673390225,289.8078226,14.06074399
Greece,2022,2917.1,4142.6,41.6760170674942,73.03521333,14.43873623
Greece,2023,2919.3,4139.9,41.6760178432894,72.72903673,14.43873623
Hungary,2000,3604.4,3632.7,65.32024101763,132.5568976,51.35014506
Hungary,2001,4310.5,4884.9,65.4429814773488,152.3676964,51.39477795
Hungary,2002,3521.2,3963.2,65.264449899576,207.9625382,51.39477795
Hungary,2003,2640.8,3038.9,65.4429814773488,213.832373,51.29435394
Hungary,2004,5117.4,5589.9,65.431823253738,170.2559477,51.30551216
Hungary,2005,4500.0,5526.6,65.4279656288361,125.9227374,51.34471599
Hungary,2006,4071.9,5097.3,64.8253543131347,150.9933775,51.30007812
Hungary,2007,3587.5,3492.0,64.8030353755161,227.3868896,51.24428077
Hungary,2008,5002.4,5800.2,64.6133244057583,208.7571273,51.16616449
Hungary,2009,3854.6,4715.2,63.8793770020987,154.9522829,50.64619463
Hungary,2010,3703.8,4719.0,59.0191096873964,158.7270842,48.51430465
Hungary,2011,4199.4,5105.1,58.9528333149232,136.4054349,48.54744284
Hungary,2012,3748.5,3761.1,58.9638793770021,175.7505357,48.56953496
Hungary,2013,4638.6,4831.5,58.0691483486137,166.4780374,47.67480393
Hungary,2014,4728.8,5897.0,57.6813499890423,142.4670613,47.35919351
Hungary,2015,5179.6,5243.4,57.6813499890423,144.3531687,47.38110892
Hungary,2016,5365.4,6486.6,57.8785886478194,174.6958378,47.37015122
Hungary,2017,5428.7,5835.5,58.1087004163927,192.6564119,47.37015122
Hungary,2018,5124.4,6286.2,58.031996493535,190.7790785,47.38110892
Hungary,2019,5294.9,6365.8,57.8347578347578,184.3173546,47.304405
Hungary,2020,5468.0,6659.1,53.8754394039009,77.41342736,44.11537914
Hungary,2021,5925.4,5920.0,55.2672430418584,85.28556454,45.36165242
Hungary,2022,4448.1,4032.1,55.6214332675871,106.2434539,45.55852509
Hungary,2023,5642.3,6252.0,55.6985097523559,58.98946793,45.41033311
India,2000,2778.5,2294.2,60.8689656564162,113.6874603,54.12704873
India,2001,2708.1,2423.1,60.7048321836142,118.5945931,53.92356358
India,2002,2762.1,2187.3,60.7293849367178,113.401275,53.95955186
India,2003,2610.0,2399.4,60.6247834817149,119.9610551,53.74664922
India,2004,2713.2,2350.0,60.6671622062499,121.4863244,53.70696121
India,2005,2601.6,2411.6,60.5834137744308,132.8960089,53.62724885
India,2006,2618.8,2446.5,60.5094191760365,152.5510538,53.36423168
India,2007,2707.9,2583.3,60.4132261981239,172.230339,53.14897467
India,2008,2802.2,2637.9,60.4593046525785,188.9650179,53.13989352
India,2009,2907.1,2580.8,60.5639061075814,181.2310086,53.11601344
India,2010,2839.5,2676.4,60.3974182611942,171.4917641,52.80826318
India,2011,2988.6,2860.7,60.4300431523044,171.1962371,52.79817301
India,2012,3177.5,2963.5,60.4206256579633,159.5402789,52.65253818
India,2013,3153.8,2977.5,60.4394606466455,149.517842,52.61755892
India,2014,3145.7,2966.4,60.4495508191538,154.5461136,52.62462204
India,2015,2749.6,2854.0,60.4317248477225,149.4416731,52.60780508
India,2016,3033.9,2995.1,60.3990999566123,144.72852,52.57551653
India,2017,3199.9,3127.7,60.2840719900175,146.530556,52.43358144
India,2018,3368.2,3278.0,60.2437112999842,152.7011876,52.29332804
India,2019,3533.4,3416.0,60.2198312250478,156.483317,52.25666708
India,2020,3439.8,3383.8,60.0459439188212,176.0422472,51.93835577
India,2021,3520.8,3497.8,60.0507647678083,160.620281,51.85136729
India,2022,3537.3,3589.1,60.0555856504293,143.8432953,51.8054794
India,2023,3520.7,3626.4,60.0604064994165,139.3674214,51.75205755
Iraq,2000,320.0,363.2,19.4233715161076,113.1707317,9.831492786
Iraq,2001,740.5,692.7,19.4025653336992,96.48301887,9.831492786
Iraq,2002,1570.3,1306.4,19.8552712806091,98.70897496,10.28877152
Iraq,2003,1359.0,1209.8,19.8571003955461,191.1666667,10.28877152
Iraq,2004,1189.8,1191.6,19.7304341861582,93.81869755,10.28877152
Iraq,2005,873.8,948.1,20.0640190227953,133.9047677,10.63173057
Iraq,2006,1378.3,1329.2,20.5281569380616,133.2895836,10.97468962
Iraq,2007,1403.1,1264.8,20.8832338752086,145.9644749,11.31764867
Iraq,2008,1367.8,1403.5,18.7511717767565,133.3566515,9.145574685
Iraq,2009,1875.6,1774.5,18.0645606925769,155.584903,8.403941794
Iraq,2010,1987.2,1697.1,18.9231442254559,141.9875776,9.209799226
Iraq,2011,1955.2,1798.5,19.6313777859643,130.5279503,9.900534168
Iraq,2012,2418.1,2318.9,19.7276201878799,169.9339067,9.94312949
Iraq,2013,2306.8,2293.9,20.4671202963181,142.2829166,10.51245255
Iraq,2014,2396.4,2116.7,21.5010319537095,189.8954886,11.445933
Iraq,2015,2861.7,2726.6,21.364205948476,230.6704943,11.445933
Iraq,2016,3318.1,3138.9,21.4745420705414,123.0303988,11.445933
Iraq,2017,2839.2,2833.8,21.5116279069767,215.1129746,11.445933
Iraq,2018,2778.9,2682.6,21.60422732466,234.4003275,11.445933
Iraq,2019,2814.4,2673.7,21.7695160435814,202.9292104,11.44588027
Iraq,2020,2944.5,2639.3,21.7755050330546,216.359577,11.44588027
Iraq,2021,2659.7,2793.3,21.8439177204985,229.5764013,11.44588027
Iraq,2022,2771.4,2978.6,21.7784995277912,231.1382198,11.44588027
Iraq,2023,2546.5,2748.9,21.8307880128072,228.5297281,11.44588027
Ireland,2000,9453.8,7795.7,63.814196545217,318.1581741,7.085208303
Ireland,2001,9060.1,7580.9,64.0150965307011,210.6132143,7.391493686
Ireland,2002,8444.0,6567.1,63.478008419219,287.4283654,7.52213674
Israel,2000,1465.3,2443.3,26.1552680221811,4.398278121,15.61922366
Israel,2001,1943.1,2454.8,25.9242144177449,4.260693435,15.80406654
Israel,2002,2116.2,2689.5,26.0166358595194,4.174842261,16.12754159
Israel,2003,2531.2,3306.5,25.4621072088725,4.486037401,15.43438078
Israel,2004,2188.3,3066.7,23.7292051756007,4.056099366,14.3715342
Israel,2005,2345.8,2951.9,23.775415896488,4.148013105,14.3715342
Israel,2006,1545.3,2398.5,23.5120147874307,5.107523795,14.00184843
Israel,2007,1850.1,2752.1,23.9417744916821,4.13662847,14.13123845
Israel,2008,1145.7,2438.8,23.826247689464,3.173125473,13.84935305
Israel,2009,2064.6,3174.1,24.1497227356747,4.821936059,14.06192237
Israel,2010,1750.7,3037.6,23.3133086876155,2.279009901,13.56746765
Israel,2011,2340.3,3669.3,23.8909426987061,2.945535201,13.66451017
Israel,2012,3267.1,4299.5,24.3160813308688,3.652427255,13.62292052
Israel,2013,2783.9,4177.1,24.043438077634,3.569440531,13.20702403
Israel,2014,2269.5,4910.1,24.8475046210721,3.073141749,13.88632163
Israel,2015,3405.5,4978.9,24.6719038817006,3.808619941,13.73382625
Israel,2016,3844.4,4834.9,25.5083179297597,3.498597901,13.63216266
Israel,2017,1611.6,3196.9,29.7597042513863,3.368526225,17.88354898
Israel,2018,1332.7,2461.7,29.6349353049908,3.395839443,17.72181146
Israel,2019,2052.1,3624.2,29.5009242144177,3.185163861,17.4676525
Israel,2020,2301.1,3834.1,25.0369685767098,2.566481854,12.72643253
Israel,2021,1334.6,2147.5,24.9075785582255,2.912402507,12.59242144
Israel,2022,3600.3,1844.4,24.7042513863216,2.317453206,12.40757856
Israel,2023,2843.1,2550.9,24.8012939001848,2.386107688,12.54158965
Italy,2000,3213.3,4993.9,52.8780797922345,318.3823529,28.67258672
Italy,2001,2801.3,4821.4,52.4215637871215,297.8629237,28.19916272
Italy,2002,3124.7,4959.2,51.6471773784484,274.9701391,28.02331951
Italy,2003,2748.2,4307.2,50.4095117645865,264.9418914,26.9141547
Italy,2004,3669.8,5444.4,50.3283533636776,219.4468406,26.9817867
Italy,2005,3635.2,5361.4,49.8312581581101,314.2708973,26.30884829
Italy,2006,3729.5,5316.1,48.0288653379233,401.9358274,24.94268188
Italy,2007,3413.7,5174.0,47.8902197363705,864.8241365,24.24945387
Italy,2008,3868.9,5353.0,48.8884680675508,245.7859617,25.35523708
Italy,2009,3585.9,5086.9,47.2828843695683,252.3414971,23.60694986
Italy,2010,3742.1,5322.5,48.45088902265,321.9386706,23.81322747
Italy,2011,3833.5,5677.2,46.8439526846523,370.6326871,22.72435225
Italy,2012,4129.3,5315.1,46.4259869199711,288.6700323,24.07022907
Italy,2013,3844.1,5264.6,46.0912085162215,193.1710509,23.08618346
Italy,2014,3810.7,5717.5,44.5086196984965,214.1412927,22.75140505
Italy,2015,3928.0,5402.2,43.7748124902779,222.3003364,22.32194185
Italy,2016,4203.0,5599.0,43.3250596852407,190.1814656,22.64657545
Italy,2017,3856.2,5174.8,43.3743295977925,230.9281575,22.77937089
Italy,2018,3899.9,5350.8,41.948748469826,229.4161399,22.73449705
Italy,2019,3840.9,5336.2,44.3699956377212,119.0969339,23.38108056
Italy,2020,3924.8,5626.5,42.332263616904,98.28179892,24.34562098
Italy,2021,4224.8,5562.8,41.9422315930434,87.4760515,24.32329558
Italy,2022,3720.0,4750.0,43.9631475720276,125.6002042,23.95670567
Italy,2023,3691.7,5059.4,44.2565839307453,86.16944166,23.95670567
Japan,2000,3760.7,6256.6,14.4252400548697,147.4540494,12.27434842
Japan,2001,3554.6,6107.0,14.3017832647462,127.8564684,12.1920439
Japan,2002,4001.0,6085.5,14.1975308641975,113.4109323,12.12345679
Japan,2003,4033.5,5451.0,14.1015089163237,123.6247836,12.06310014
Japan,2004,4046.6,5942.3,14.0192043895748,116.0806733,12.01371742
Japan,2005,4097.0,6154.0,13.9368998628258,120.5499973,11.96159122
Japan,2006,3835.1,5852.4,13.8639231824417,120.5556436,11.91495199
Japan,2007,4340.0,6062.1,13.7909465020576,132.6660742,11.86831276
Japan,2008,4220.3,6262.4,13.7152263374486,115.0208738,11.81893004
Japan,2009,3236.7,5919.5,13.6477366255144,104.3241253,11.78052126
Japan,2010,2761.2,5853.7,13.5884773662551,120.5538007,11.74759945
Japan,2011,3528.6,6010.6,13.4951989026063,125.4339005,11.67078189
Japan,2012,4100.4,6248.5,13.4567901234568,128.891493,11.64883402
Japan,2013,3861.6,6281.5,13.4211248285322,129.6992199,11.62688615
Japan,2014,4009.4,6325.1,13.360768175583,144.1347667,11.5829904
Japan,2015,4711.4,6316.7,13.2949245541838,131.9384297,11.53635117
Japan,2016,3688.4,6253.4,13.2043895747599,129.2409011,11.478738
Japan,2017,4270.8,6284.5,13.1083676268861,134.4810038,11.41563786
Japan,2018,3609.7,6132.3,13.0205761316872,132.8648516,11.36351166
Japan,2019,4900.8,6295.5,12.9355281207133,130.9844989,11.31412894
Japan,2020,4465.2,6230.1,12.8449931412894,124.3454768,11.25925926
Japan,2021,4986.4,6417.0,12.7818930041152,113.4591315,11.20987654
Japan,2022,4370.9,6319.9,12.716049382716,122.2041772,11.15500686
Japan,2023,4721.6,6245.1,12.6368303066246,143.7935728,11.09254217
Jordan,2000,1397.1,1205.8,12.1146872166818,1.366491893,2.153218495
Jordan,2001,1434.5,1097.8,11.5820489573889,1.396150812,2.175883953
Jordan,2002,1336.7,1145.1,11.6160471441523,1.954951678,2.20988214
Jordan,2003,1428.0,1237.2,11.3893925657298,2.0628605,2.005893019
Jordan,2004,1227.3,966.3,11.7520398912058,0.614499658,2.368540345
Jordan,2005,1173.1,1087.7,11.4800543970988,1.100218726,2.09655485
Jordan,2006,851.7,748.6,11.5367180417044,0.692959919,2.153218495
Jordan,2007,1011.4,710.4,10.9168177697189,0.790951515,1.589981868
Jordan,2008,629.0,698.4,11.0210788757933,0.907807141,1.694242974
Jordan,2009,786.2,858.9,11.5453931065555,1.919472688,2.261770669
Jordan,2010,1030.7,1355.9,11.2897048884884,1.362149848,2.000450552
Jordan,2011,1381.8,1555.0,11.2930840279342,1.198501873,1.977922956
Jordan,2012,1239.1,1323.1,11.769542689795,1.505233087,2.444244199
Jordan,2013,1333.9,1446.9,11.901329128182,1.990567155,2.601937373
Jordan,2014,1192.6,1315.9,11.9846812345123,1.238389221,2.675152061
Jordan,2015,985.2,1115.3,11.8979499887362,2.249233001,2.567019599
Jordan,2016,1293.2,1274.9,12.0067582788916,1.762065318,2.67244875
Jordan,2017,1483.7,1309.6,11.3426447398063,1.378338197,2.106330255
Jordan,2018,1504.5,1221.7,11.5093489524668,1.148446894,2.264023429
Jordan,2019,2392.5,1354.3,11.6730860193256,1.234394187,2.41908237
Jordan,2020,2237.5,1858.1,11.5886208527603,0.818961879,2.319976575
Jordan,2021,2097.3,1532.0,11.5210487195081,0.827401885,2.243394824
Jordan,2022,1891.7,1434.7,11.7462891636822,2.126412529,2.281879406
Jordan,2023,2204.5,1595.1,11.5323107417168,2.210859474,2.297452531
Kazakhstan,2000,902.8,942.5,79.7841612030966,468.3544304,11.17135237
Kazakhstan,2001,1180.3,1216.6,79.4479386598511,168.499883,10.87517132
Kazakhstan,2002,1089.5,1145.7,79.07134126014,25.1059322,10.49964811
Kazakhstan,2003,1025.0,1077.5,78.8981738711709,25.29804304,10.49879616
Kazakhstan,2004,843.2,884.3,78.7756046968182,26.64590691,10.5488758
Kazakhstan,2005,948.0,998.2,78.6331814646072,33.40128202,10.57980516
Kazakhstan,2006,1134.8,1170.9,78.481497944216,37.93640612,10.59969626
Kazakhstan,2007,1298.3,1326.9,78.3181835018706,39.83929006,10.60903063
Kazakhstan,2008,971.5,1011.3,78.1017890876764,16.83675971,10.56406267
Kazakhstan,2009,1194.1,1253.1,78.0765640626736,33.97590361,10.60051117
Kazakhstan,2010,733.6,804.1,80.4392339889617,101.277007,10.62481016
Kazakhstan,2011,1660.9,1688.6,80.3750416712968,106.5948003,10.80883061
Kazakhstan,2012,792.9,865.0,80.3837833833389,205.0496584,10.86509612
Kazakhstan,2013,1076.2,1164.9,80.3771159758492,52.08011317,10.88813572
Kazakhstan,2014,1090.1,1172.7,80.304996851502,52.74673624,10.91610179
Kazakhstan,2015,1188.2,1278.1,80.1050857502685,54.10212848,10.96458866
Kazakhstan,2016,1211.1,1347.7,80.0985665073897,45.93802737,10.97981257
Kazakhstan,2017,1242.7,1355.0,80.088046820017,47.59554473,10.98529466
Kazakhstan,2018,1228.1,1366.0,80.0222617327851,40.4971474,11.01900211
Kazakhstan,2019,1013.7,1155.2,79.2585472459903,24.1064161,10.88206097
Kazakhstan,2020,1182.5,1287.7,79.3233322220988,52.33381829,10.94684595
Kazakhstan,2021,928.8,1048.8,79.3664851650183,71.67720586,10.98999889
Kazakhstan,2022,1272.7,1377.2,79.3664851650183,84.74361259,10.98999889
Kazakhstan,2023,922.4,1037.4,79.3664851650183,45.5209591,10.98999889
Kuwait,2000,2385.6,5611.2,8.30527497194164,0.218679924,0.561167228
Kuwait,2001,2390.6,5844.0,8.47362514029181,0.309525148,0.729517396
Kuwait,2002,2391.4,7329.6,8.47362514029181,0.391696044,0.673400673
Kuwait,2003,2389.7,10253.4,8.47362514029181,0.285290426,0.673400673
Kuwait,2004,2375.0,6188.9,8.41750841750842,0.296982656,0.617283951
Kuwait,2005,4801.9,6423.2,8.41750841750842,0.267065484,0.617283951
Kuwait,2006,4722.2,8717.7,8.41750841750842,0.76592007,0.617283951
Kuwait,2007,2390.0,10498.9,8.47362514029181,0.784447798,0.634118967
Kuwait,2008,2341.2,9235.8,8.47362514029181,1.362424297,0.634118967
Kuwait,2009,2333.3,7977.4,8.5016835016835,0.296173439,0.589225589
Kuwait,2010,2347.8,10805.8,8.5297418630752,0.5145303,0.561167228
Kuwait,2011,4133.3,14171.5,8.55780022446689,1.066712675,0.589225589
Kuwait,2012,4142.9,13782.5,8.5297418630752,1.164223602,0.561167228
Kuwait,2013,4111.1,17975.1,8.61952861952862,1.254483422,0.650953984
Kuwait,2014,4307.7,21865.5,8.53535353535353,1.95018226,0.533108866
Kuwait,2015,3750.0,6542.5,8.38383838383838,1.975505857,0.432098765
Kuwait,2016,3000.0,5220.5,8.41750841750842,1.649205415,0.448933782
Kuwait,2017,3142.9,5656.2,8.49607182940516,1.922852133,0.482603816
Kuwait,2018,3000.0,10483.2,8.41750841750842,3.481194261,0.448933782
Lebanon,2000,2702.5,2414.9,58.1622678396872,71.19482289,12.60997067
Lebanon,2001,3199.5,2911.7,58.455522971652,73.77455919,11.73020528
Lebanon,2002,2735.6,2467.5,60.2150537634409,44.47012987,12.70772239
Lebanon,2003,2538.9,2372.0,61.2903225806452,57.35753425,13.29423265
Lebanon,2004,2934.4,2727.6,62.3949169110459,46.37809524,13.32355816
Lebanon,2005,2903.0,2703.1,63.8318670576735,38.57169811,13.8514174
Lebanon,2006,2899.8,2684.8,66.3734115347019,28.21636364,13.29423265
Lebanon,2007,2200.8,2189.7,66.1876832844575,31.0544,13.11827957
Lebanon,2008,2879.8,2687.7,64.8093841642229,29.81,12.02346041
Lebanon,2009,2799.0,2618.9,64.8093841642229,48.48533333,12.02346041
Lebanon,2010,2781.5,2624.9,62.5610948191593,36.18521739,11.14369501
Lebanon,2011,2968.3,2763.2,63.6363636363636,37.05603448,12.21896383
Lebanon,2012,3124.5,2889.3,64.3206256109482,41.678125,12.90322581
Lebanon,2013,3256.7,2981.4,64.5161290322581,45.99375,12.90322581
Lebanon,2014,3804.3,3386.0,64.7116324535679,40.72111111,12.90322581
Lebanon,2015,3475.0,3268.6,65.0048875855327,34.227,13.00097752
Lebanon,2016,3149.0,3155.5,65.5913978494624,64.56551724,13.39198436
Lebanon,2017,3015.6,2898.5,65.8181818181818,50.20203304,13.40860215
Lebanon,2018,2936.9,2970.1,65.6451612903226,37.69438669,13.40957967
Lebanon,2019,2175.5,2940.6,65.6207233626589,40.47594937,13.22580645
Lebanon,2020,2986.4,3100.0,65.8958944281525,62.69178082,13.10997067
Lebanon,2021,2915.9,2177.9,66.6294916911046,46.53652968,13.84356794
Lebanon,2022,2864.9,2414.5,66.1275659824047,38.55936073,13.34164223
Lebanon,2023,2867.3,2415.3,65.9055522971652,58.24885845,13.11962854
Libya,2000,778.4,637.7,8.78070404764882,13.51019406,1.031519602
Libya,2001,756.9,619.4,8.78070404764882,20.04381161,1.031519602
Libya,2002,782.3,632.3,8.78070404764882,16.76976386,1.031519602
Libya,2003,762.2,620.0,8.78070404764882,8.401136633,1.031519602
Libya,2004,768.5,620.0,8.74376257430919,13.14092212,0.994578128
Libya,2005,757.6,622.8,8.74376257430919,13.65920333,0.994578128
Libya,2006,787.9,622.6,8.74376257430919,16.1753819,0.994578128
Libya,2007,787.9,623.0,8.74376257430919,14.90654729,0.994578128
Libya,2008,787.9,621.7,8.74376257430919,18.593355,0.994578128
Libya,2009,789.5,634.1,8.74376257430919,20.88560228,0.994578128
Libya,2010,777.2,669.9,8.72443934210078,15.9426506,0.975254896
Libya,2011,773.0,664.5,8.72443934210078,107.9173333,0.975254896
Libya,2012,785.6,681.4,8.72671266353706,412.575,0.977528218
Libya,2013,785.0,663.8,8.72671266353706,28.43744292,0.977528218
Libya,2014,772.5,666.8,8.72387101174171,39.14299901,0.977528218
Libya,2015,766.2,665.3,8.72387101174171,15.88509134,0.977528218
Libya,2016,758.7,669.9,8.72387101174171,23.97682709,0.977528218
Libya,2017,753.0,676.0,8.72387101174171,37.74978939,0.977528218
Libya,2018,749.2,680.5,8.72387101174171,23.33471074,0.977528218
Libya,2019,773.7,679.7,8.72387101174171,112.8623188,0.977528218
Libya,2020,771.5,672.4,8.72387101174171,211.94,0.977528218
Libya,2021,770.3,673.4,8.72387101174171,168.8333333,0.977528218
Libya,2022,765.8,671.9,8.72387101174171,187.14,0.977528218
Libya,2023,760.6,671.4,8.72387101174171,252.7333333,0.977528218
Lithuania,2000,3341.3,2707.5,54.5309508615188,18.56796117,45.9157626
Lithuania,2001,3055.9,2505.0,46.2029355456286,24.36823105,26.02105935
Lithuania,2002,3633.5,2765.9,46.0274409700064,22.22718773,26.14869177
Lithuania,2003,3578.3,3037.0,40.5392469687301,20.42492443,24.3299298
Lithuania,2004,4027.6,3254.9,41.5491384811742,20.05236472,25.78813019
Lithuania,2005,3733.2,2940.2,45.2616464582004,18.21839086,30.41640077
Lithuania,2006,2355.4,1929.4,44.5229738353542,20.8207801,29.97447352
Lithuania,2007,3921.9,3007.1,43.0105296745373,18.42658814,29.28525846
Lithuania,2008,4268.9,3348.2,42.6342241723175,15.38290998,29.70083765
Lithuania,2009,4200.4,3449.6,42.9038691663343,19.06413578,32.76745114
Lithuania,2010,3304.5,2763.5,44.2329477463103,20.71481081,33.9433586
Lithuania,2011,3391.9,3029.9,44.7697609854166,18.36728474,34.87411048
Lithuania,2012,4782.9,4015.3,45.3489485273,20.16777589,36.06758784
Lithuania,2013,4302.2,3687.8,46.1332269644994,23.56965466,36.54567212
Lithuania,2014,4563.0,3975.2,47.1252992817239,22.36953698,37.5131684
Lithuania,2015,5238.4,4564.6,47.9792498004789,21.23826497,34.66719872
Lithuania,2016,4366.1,3859.8,47.1552632419144,25.12188316,34.20708151
Lithuania,2017,4824.7,4230.2,46.8590859022046,22.63945625,33.58343577
Lithuania,2018,3673.1,3094.1,47.0541274149768,25.01629295,33.7697589
Lithuania,2019,4291.2,3801.6,47.5087831363781,25.39649787,35.32258065
Lithuania,2020,5393.1,4734.2,46.9945704247844,26.58158888,35.92143085
Lithuania,2021,4500.1,3937.2,46.9222168982591,31.52525808,36.39993611
Lithuania,2022,4735.0,4210.2,46.503418311929,41.67128208,36.61746853
Lithuania,2023,4738.3,4187.3,45.8945686900959,51.00950307,36.78913738
Malawi,2006,1207.1,1444.7,56.0564276622826,83233.56164,35.00212134
Malawi,2007,2296.8,2467.0,56.0564276622826,96273.84615,35.00212134
Malawi,2008,1613.3,1598.7,57.6474331777683,66100.54945,36.59312686
Malawi,2009,1500.6,2124.3,58.1777683495969,59977.77778,37.12346203
Mexico,2000,4935.5,2760.9,54.6979088968338,161.0124802,11.78271046
Mexico,2001,4766.1,2855.2,54.8110805319067,200.0190864,11.90925693
Mexico,2002,5099.9,2913.1,54.8110805319067,409.3837193,11.92623267
Mexico,2003,4491.2,2964.0,54.8110805319067,517.9491945,12.1669796
Mexico,2004,4487.1,3078.6,54.8213688623679,371.8016064,11.94166517
Mexico,2005,4751.7,3130.8,54.8213688623679,399.1259569,11.98384732
Mexico,2006,5227.4,3213.3,54.8213688623679,529.385081,12.01831323
Mexico,2007,5082.4,3353.0,54.8882430103655,410.770962,12.09856221
Mexico,2008,5013.4,3452.3,53.1675197407341,281.9748087,11.98899149
Mexico,2009,4968.8,3433.7,52.8213174207156,299.8143025,11.90565601
Mexico,2010,5418.5,3501.2,52.3712029630392,167.1654957,11.79711412
Mexico,2011,5477.8,3240.5,52.1217109493557,187.7645349,11.68548574
Mexico,2012,5656.8,3453.4,51.7050335656781,192.1756475,11.60112143
Mexico,2013,5293.4,3386.9,51.1772422130199,175.436553,11.56974202
Mexico,2014,5193.5,3581.9,50.7976028190025,179.7574644,11.39998457
Mexico,2015,4525.6,3470.1,50.7626224954345,166.9940393,11.3418555
Mexico,2016,5338.8,3748.8,50.5866920445485,201.0045969,11.18804496
Mexico,2017,5296.7,3799.7,49.8706242444507,208.2918614,10.42053551
Mexico,2018,5437.3,3826.3,49.6494251395355,213.4797441,10.23688881
Mexico,2019,5530.8,3992.4,49.4385143650814,226.8548821,9.979680547
Mexico,2020,5321.2,3806.5,51.5149441086448,227.665751,11.15450459
Mexico,2021,5994.4,3878.9,51.5064078294195,298.7303119,11.14880393
Mexico,2022,6060.3,3950.2,50.8701226883407,372.0004574,10.580191
Mexico,2023,6203.1,4262.2,50.6933879986625,405.6621603,10.30046791
Morocco,2000,475.8,366.8,68.6802599148555,25.83797468,19.6437374
Morocco,2001,1228.0,894.6,68.0483979386063,22.69691241,19.01859736
Morocco,2002,1279.3,1068.7,67.8534617969975,37.0421408,18.82590186
Morocco,2003,1722.0,1432.9,69.1821644633655,35.11287315,20.28904324
Morocco,2004,1808.2,1512.1,67.3112256329823,28.99345029,18.39569796
Morocco,2005,1026.1,783.9,67.1947120770782,39.66223406,18.19852117
Morocco,2006,2036.5,1652.1,67.0983643289267,33.38126329,18.06856375
Morocco,2007,615.4,516.4,67.1297333632086,32.85961632,18.07080439
Morocco,2008,1318.9,1002.9,67.1767869146314,38.69266342,18.041676
Morocco,2009,2139.8,1919.4,67.2251848532377,21.7920132,18.013892
Morocco,2010,1709.5,1547.5,67.1931436253641,18.89508569,17.31861976
Morocco,2011,1948.8,1614.4,67.4519381581896,17.51907553,17.48554784
Morocco,2012,1234.2,1016.6,68.1223392336993,15.08349498,18.03047278
Morocco,2013,2164.0,1828.3,68.5301366793637,20.35547881,18.21196505
Morocco,2014,1713.2,1454.3,67.404212413175,19.1589104,17.03136903
Morocco,2015,2466.4,2140.7,67.3246695048174,19.92004963,16.79879005
Morocco,2016,1131.5,936.0,69.1799238180596,8.982765642,18.42034506
Morocco,2017,2095.3,1757.4,69.5643024871163,9.693473371,18.86345328
Morocco,2018,2575.2,2263.2,68.3975066099036,9.054394904,17.59393054
Morocco,2019,1606.3,1453.6,66.34978041676,6.558937834,15.4581313
Morocco,2020,900.4,747.3,67.0205229666144,6.082073648,16.07670939
Morocco,2021,2633.5,2328.8,67.0350365225185,5.862401378,15.98421891
Morocco,2022,1111.4,943.3,65.8091218911046,5.667809911,14.51130361
Morocco,2023,1708.3,1494.9,66.7449381581896,5.341364271,15.4023119
Myanmar,2000,1149.4,3100.4,16.5437463659455,266.7963684,15.16204058
Myanmar,2001,1190.2,3157.6,16.7380726504881,346.7391304,15.28598097
Myanmar,2002,1267.9,3160.6,16.7166508553417,207.3970588,15.09012455
Myanmar,2003,1287.0,3286.0,16.8038681641522,338.5133333,15.07329314
Myanmar,2004,1393.5,3383.5,16.9599951026905,493.41,15.1694163
Myanmar,2005,1393.4,3493.7,17.2385820986899,142.4204264,15.39580017
Myanmar,2006,1526.2,3610.0,17.7467978637122,176.0831365,15.81709948
Myanmar,2007,1579.2,3723.5,18.337617823479,329.6123602,16.18466153
Myanmar,2008,1711.7,3824.8,18.7919976733863,166.6796387,16.36895195
Myanmar,2009,1729.7,3839.0,19.04331853666,209.7267657,16.52227154
Myanmar,2010,1781.9,3855.2,19.1746012307504,441.9772097,16.54930655
Myanmar,2011,1777.9,3643.4,19.2227035466638,212.0514468,16.51027874
Myanmar,2012,1784.0,3610.5,19.2130444767664,175.1685545,16.46023119
Myanmar,2013,1807.8,3646.1,19.2732896429228,273.1128599,16.49415079
Myanmar,2014,1847.2,3690.2,19.342193911925,336.3629348,16.56152386
Myanmar,2015,1861.6,3710.9,19.5213448582103,218.8701261,16.7406748
Myanmar,2016,1185.9,3659.7,19.5471674990043,566.4148004,16.77134716
Myanmar,2017,1883.2,3671.5,19.997855227882,1861.060678,16.9461509
Myanmar,2018,1872.7,3761.3,20.0265052857362,2374.990227,16.97609928
Myanmar,2019,1879.9,3714.1,19.8857055308718,1211.390154,16.83836372
Myanmar,2020,1863.4,3726.7,19.8875388787596,819.2758644,16.83852483
Myanmar,2021,1861.8,3743.8,19.8875388787596,467.7041109,16.83852483
New Zealand,2000,6209.5,6316.5,46.863819832137,164.8927537,1.533854012
New Zealand,2001,7428.6,6534.7,46.265167673085,199.3065693,1.525578216
New Zealand,2002,7146.7,6276.3,45.6663419543504,189.1351803,1.524438874
New Zealand,2003,7486.3,7059.9,45.0343701340625,204.4334656,1.576089021
New Zealand,2004,6550.1,6462.1,45.1558998898637,259.4340912,1.595078045
New Zealand,2005,8092.0,7566.2,44.4798906232198,311.2333277,1.614067069
New Zealand,2006,6896.3,7028.7,43.2000303824389,342.2269529,1.515324143
New Zealand,2007,8496.6,7916.4,43.625384527743,201.8267602,1.636853898
New Zealand,2008,8112.0,7379.8,43.1962325775702,280.7586798,1.720405606
New Zealand,2009,7491.8,6909.9,43.6367779423493,195.155014,1.788766093
New Zealand,2010,8124.1,7387.1,43.3253579431089,194.0532741,1.89510463
New Zealand,2011,7285.8,6953.2,43.1848391629638,231.5166667,1.788766093
New Zealand,2012,8924.5,8012.0,42.571113896168,239.5115625,1.933082678
New Zealand,2013,9105.3,8105.6,42.1784208727356,211.7173175,2.077399263
New Zealand,2014,8626.7,8033.9,42.2163989214234,247.0105294,2.240704873
New Zealand,2015,8672.2,8026.6,40.6820857544339,284.950267,1.815350727
New Zealand,2016,9197.1,8383.8,40.3099008772929,295.1421986,2.054612434
New Zealand,2017,9864.4,8464.4,40.4238350233565,298.983612,1.864722191
New Zealand,2018,8959.6,8064.3,39.8693555125138,339.5958702,1.969161824
New Zealand,2019,8852.2,8192.2,39.2882913675895,341.0811918,2.073601458
New Zealand,2020,9933.2,9015.4,38.5629106376514,318.8023134,2.001443166
New Zealand,2021,9712.2,8801.7,38.6426645398959,312.0042061,2.339447799
New Zealand,2022,9390.0,8385.0,37.0172040560556,305.1594812,2.024229995
New Zealand,2023,9668.1,8244.4,36.8804830807793,235.3270242,1.974858532
Nigeria,2009,1666.7,1531.1,73.3103218156066,213.5077551,40.48442527
Nigeria,2010,1484.4,1528.0,73.4421967126717,1086.449404,39.46111532
Nigeria,2011,1279.1,1334.4,73.4914686474082,311.2307821,39.49515245
Nigeria,2012,1018.9,1399.0,73.755240730371,171.8662022,39.53028756
Nigeria,2013,1000.0,1297.3,73.5484116736388,283.9055556,39.56432469
Nigeria,2014,1304.3,1555.4,73.6946120315777,413.1240409,39.5994598
Nigeria,2015,1000.0,1527.1,73.9246242190674,221.8610393,39.63349693
Nigeria,2016,1000.0,1596.9,74.1530467626294,121.31467,39.66863204
Nigeria,2017,1677.9,1506.1,74.3371732709685,112.3288531,39.70266917
Nigeria,2018,1714.2,1549.3,74.7367722915775,94.73974872,39.9881419
Nigeria,2019,1682.6,1629.7,74.9047952831121,94.73974872,40.48442527
Nigeria,2020,1100.0,1620.2,75.4191119602095,114.8405357,40.48442527
Nigeria,2021,3125.5,1622.1,75.6659597922637,106.7525856,40.48442527
Nigeria,2022,2182.7,1659.7,75.9658687703811,21.1223448,40.48442527
Nigeria,2023,1586.6,1548.5,76.1972932793131,12.50587851,40.48442527
North Macedonia,2000,2471.9,2565.0,48.5646873771136,399.0,21.82461659
Norway,2000,4602.5,3930.9,2.85288738487148,22.28637413,2.406610376
Norway,2001,4073.8,3709.5,2.86657686368565,21.60232843,2.412086167
Norway,2002,4099.4,3495.2,2.86383896792281,24.45637513,2.40387248
Norway,2003,4613.5,3940.7,2.84741159334582,25.76363053,2.384707209
Norway,2004,4766.8,4400.6,2.84741159334582,24.43156429,2.379231418
Norway,2005,4892.5,3992.9,2.83646001029449,26.49374418,2.360066148
Norway,2006,4163.4,3674.5,2.83372211453166,22.62282685,2.349114565
Norway,2007,4397.3,3855.0,2.82550842724316,22.30445433,2.334329927
Norway,2008,4865.3,4488.1,2.80579557775076,21.88947728,2.313795709
Norway,2009,3406.9,3446.3,2.77693815641051,27.28455613,2.285814414
Norway,2010,4597.5,4004.2,2.75404934783323,16.94412043,2.260406742
Norway,2011,3851.7,3436.9,2.73515786706969,19.57857523,2.239598734
Norway,2012,4101.1,3686.8,2.71818291334012,18.19763486,2.22289757
Norway,2013,3884.1,3374.3,2.70359004539183,16.33745833,2.212379906
Norway,2014,4921.1,4363.4,2.7026523658753,17.15918607,2.213536817
Norway,2015,5774.5,4803.0,2.70004137564292,17.5503716,2.210190457
Norway,2016,4633.9,4651.6,2.69388608214041,18.77060391,2.204933356
Norway,2017,5286.8,4561.4,2.69802778789613,17.22599933,2.195123287
Norway,2018,2347.7,2656.2,2.70133768638321,18.02595003,2.199924406
Norway,2019,5601.7,4709.8,2.69589201685045,17.83418889,2.196700028
Norway,2020,4765.8,4683.8,2.70656765993659,16.92133495,2.208427468
Norway,2021,4165.6,4183.7,2.70403821341313,18.42923034,2.207154034
Norway,2022,5103.4,4728.0,2.70403821341313,18.13885297,2.207154034
Norway,2023,2668.4,2767.9,2.69580256403217,15.67287438,2.204408818
Oman,2002,3164.8,5096.0,4.11437802907916,24781.71334,0.100161551
Oman,2003,3270.3,5066.8,4.43618739903069,30056.71078,0.100161551
Oman,2004,3088.8,4832.4,4.75605815831987,29758.2326,0.093699515
Oman,2005,3191.9,5019.1,4.73344103392569,4.431877851,0.090468498
Oman,2006,2808.0,4852.8,4.72697899838449,2.431244672,0.084006462
Oman,2007,3050.9,4868.3,4.73344103392569,1.938294164,0.090468498
Oman,2008,3057.1,4774.8,4.70823909531502,2.824118663,0.096930533
Oman,2009,3097.5,12179.6,4.69919224555735,1.422814962,0.119547658
Oman,2010,4126.4,9832.4,4.66300484652666,1.234087241,0.11082391
Oman,2011,3306.4,9423.9,4.64232633279483,1.368911947,0.119224556
Oman,2012,4651.2,9480.7,4.60032310177706,1.290734916,0.108885299
Oman,2013,3674.5,9047.3,4.58642972536349,1.079947158,0.12180937
Oman,2014,3663.1,7750.2,4.58739903069467,2.715895921,0.121163166
Oman,2015,2988.2,13982.3,4.63327948303716,1.683302825,0.168529887
Oman,2016,4284.2,12928.2,4.63974151857835,1.975385034,0.181292407
Oman,2017,4284.2,11339.2,4.68794830371567,1.528339562,0.223909532
Oman,2018,3852.5,12344.6,4.71369951534733,1.533946147,0.247689822
Oman,2019,3849.8,12375.7,4.71369951534733,4.169683496,0.247689822
Oman,2020,2533.2,15341.0,4.71382875605816,2.235571368,0.251534733
Oman,2021,3231.2,25977.8,4.73738287560582,1.85900995,0.241227787
Oman,2022,2008.5,35157.2,4.73738287560582,3.029802999,0.266914378
Oman,2023,2628.0,29147.0,4.75518578352181,2.796233506,0.281518578
Pakistan,2000,2490.7,2404.5,47.6053341635533,128.9388928,40.2656704
Pakistan,2001,2325.4,2230.5,47.9607721046077,130.4031072,40.60294728
Pakistan,2002,2262.1,2260.2,47.8466168534662,131.9291271,40.49916978
Pakistan,2003,2387.8,2320.6,47.7921336654213,130.3053461,40.46025322
Pakistan,2004,2373.3,2430.7,46.7582503113325,129.6745575,39.31870071
Pakistan,2005,2585.8,2615.8,46.6544728102947,133.8314674,39.13709008
Pakistan,2006,2518.6,2554.0,46.875,136.2317727,39.33167289
Pakistan,2007,2715.6,2743.9,46.7167393109174,130.0573792,39.15006227
Pakistan,2008,2451.4,2653.7,45.8086861768369,121.6576765,38.21606476
Pakistan,2009,2656.8,2789.7,45.7619863013699,143.1763258,38.16417601
Pakistan,2010,2552.8,2611.0,45.7165836446658,129.8517309,38.12525944
Pakistan,2011,2832.8,2953.4,46.6168534661685,126.2138992,39.04628477
Pakistan,2012,2713.8,2862.6,46.781600249066,134.2339405,39.22789539
Pakistan,2013,2795.7,3001.3,47.063096720631,141.2138249,39.52625571
Pakistan,2014,2824.1,3001.2,47.0267745952677,132.7262463,39.48733914
Pakistan,2015,2725.6,2942.4,46.9619136571191,119.9070156,39.43545039
Pakistan,2016,2779.0,3020.7,47.7298671647987,119.0823036,40.20080946
Pakistan,2017,2972.9,3180.4,48.0009858862599,131.6315867,40.48619759
Pakistan,2018,2850.5,3149.0,47.9361249481112,131.6315867,40.42133665
Pakistan,2019,2805.9,3160.6,47.0553134080531,124.4481341,39.60408883
Pakistan,2020,2867.5,3353.4,47.572903694479,121.1459343,40.12297634
Pakistan,2021,2995.6,3489.4,46.7180365296804,122.732387,39.27978414
Pakistan,2022,2919.6,3463.0,46.6311228725612,107.0616666,39.2149232
Pakistan,2023,3117.6,3634.0,46.6933893731839,121.7759719,39.25383977
Peru,2000,1279.7,3084.1,17.904590703125,7640.324519,3.256700078
Peru,2001,1246.5,3241.3,17.97855890625,11382.0485,3.237777656
Poland,2000,3226.8,2534.8,60.1162297169349,83.74468526,45.68546149
Poland,2001,3533.6,3056.4,58.0756799111953,77.25623088,44.3501257
Poland,2002,3853.9,3240.8,55.1732018675112,71.57670455,42.47608476
Poland,2003,3404.7,2865.4,52.7984587251829,66.37070376,41.10175026
Poland,2004,4281.1,3537.6,53.2987301276401,62.53456221,41.16475696
Poland,2005,3954.5,3233.1,51.9243952600137,74.36081694,39.63372833
Poland,2006,3244.7,2598.2,52.0925829198224,75.73789393,40.3760773
Poland,2007,3938.1,3249.5,50.49947767041,75.68904594,38.59689214
Poland,2008,4071.6,3217.2,50.9337251061051,74.1953125,39.31766242
Poland,2009,4172.5,3475.1,50.9958208175526,89.64068826,39.39532454
Poland,2010,4429.0,3584.0,47.1757868616952,79.67386873,35.3565365
Poland,2011,4134.8,3430.4,48.2611109296934,71.51860289,36.24073409
Poland,2012,4143.8,3704.9,47.4462804519626,71.95112921,35.67696427
Poland,2013,4436.7,3804.4,47.059207733255,77.04219745,35.24378694
Poland,2014,4972.1,4268.0,47.1080048336001,67.28482709,35.69025768
Poland,2015,4574.4,3727.8,46.9349096965936,66.07484927,35.5563539
Poland,2016,4580.2,4033.5,46.9447075345374,72.14298234,35.29181227
Poland,2017,4877.3,4199.6,47.2321107808877,70.21902954,35.62167282
Poland,2018,3987.1,3366.7,47.39850409903,66.02979484,35.95714799
Poland,2019,4303.5,3605.3,47.4437293783281,67.26407933,36.11446866
Poland,2020,5234.2,4691.7,48.1266128768824,58.94789095,36.42243491
Poland,2021,4975.3,4562.5,47.3691604050964,58.73706146,36.19405423
Poland,2022,5239.4,4861.5,46.3131758633082,74.69845806,36.47619981
Poland,2023,5280.0,4894.7,47.6050543637967,89.53253583,36.57557057
Portugal,2000,1567.8,2793.5,43.2391256830601,122.3463687,19.12863388
Portugal,2001,837.1,2645.3,42.1182513661202,113.5991262,17.79846995
Portugal,2002,1790.4,2918.6,42.3794535519126,80.71429777,17.88142077
Portugal,2003,858.1,2643.2,41.6795628415301,80.40949008,16.98819672
Portugal,2004,1562.5,2965.6,42.2908196721311,79.61157239,16.20469945
Portugal,2005,664.4,2114.0,41.8048540505084,81.14421703,14.27200175
Portugal,2006,2384.7,3209.0,41.0807915163442,88.15983579,13.57537991
Portugal,2007,1863.0,3415.7,40.0231769979228,124.8962175,12.55329616
Portugal,2008,2302.8,3589.7,40.7331365475019,97.09890604,13.34000219
Portugal,2009,1700.8,3289.9,40.3491647559777,154.0536076,13.11256687
Portugal,2010,1430.5,3351.3,39.8970411616989,106.0680737,12.52942461
Portugal,2011,1200.2,4088.4,39.8445245114095,82.99404017,12.30232558
Portugal,2012,1076.6,4091.6,40.0088437602358,100.1726403,12.27011682
Portugal,2013,1763.5,4336.4,40.4027282294018,143.2333678,12.42844293
Portugal,2014,2065.7,4416.0,39.996244771062,129.9674515,11.98758591
Portugal,2015,2023.2,4606.9,39.7222440549486,122.2420762,11.68007196
Portugal,2016,2356.5,4422.4,39.5066458819112,115.9370713,10.72237942
Portugal,2017,2054.2,4759.7,40.1000899508327,110.6274222,10.56760613
Portugal,2018,2593.8,4809.0,40.791900276839,148.2876062,10.48452169
Portugal,2019,2701.4,5176.5,43.1253165745326,155.079224,10.89194001
Portugal,2020,2770.4,4881.3,43.1660902826901,149.5544716,10.62063127
Portugal,2021,2422.9,5379.7,43.2538567511157,151.2439077,10.56456592
Portugal,2022,1994.2,5137.4,42.7894964936641,101.5177487,10.18014838
Portugal,2023,1401.4,5501.9,43.33752194189,140.6813331,10.1223375
Qatar,2000,2305.6,4099.4,5.68475452196382,0.066807408,1.119724376
Qatar,2001,2333.3,4046.7,5.71059431524548,0.116640747,1.145564169
Qatar,2002,2272.7,4069.6,5.65891472868217,0.189182895,1.093884582
Qatar,2003,2333.3,3706.4,5.70198105081826,0.122116225,1.136950904
Qatar,2004,2444.4,4121.6,5.61584840654608,0.097106046,1.05081826
Qatar,2005,2333.3,3649.2,5.56416881998277,0.07297949,1.033591731
Qatar,2006,2000.0,3547.4,5.6244616709733,0.074730596,1.093884582
Qatar,2007,2318.8,4155.2,5.68475452196382,0.073343895,1.154177433
Qatar,2008,3000.0,4921.9,5.74504737295435,0.333667,1.214470284
Qatar,2009,2333.3,6323.6,5.80534022394488,0.081213563,1.2833764
Qatar,2010,2250.0,7592.6,5.8656330749354,0.332225914,1.320413437
Qatar,2011,2363.6,6049.8,5.92592592592593,0.14866673,1.38501292
Qatar,2012,2285.7,6076.4,5.98621877691645,0.104996898,1.417743325
Qatar,2013,2263.2,5719.0,6.04651162790698,0.156794425,1.472868217
Qatar,2014,2500.0,6494.7,6.1792863359443,0.148064395,1.610095735
Qatar,2016,2296.3,4692.7,6.1792863359443,0.119357149,1.592689295
Qatar,2017,2285.7,4996.4,6.26631853785901,0.143861893,1.653611836
Qatar,2018,2500.0,8709.4,6.44038294168842,0.194774631,1.82767624
Qatar,2019,2333.3,6594.9,6.44038294168842,0.18049428,1.82767624
Qatar,2020,2300.0,7124.6,6.44038294168842,0.197019995,1.82767624
Qatar,2021,2311.9,8431.1,6.44038294168842,0.194742531,1.82767624
Qatar,2022,1800.0,11242.0,6.44038294168842,0.194742531,1.82767624
Qatar,2023,3000.0,18274.6,6.44038294168842,0.194742531,1.82767624
Romania,2000,2299.6,1927.8,64.6772016890862,31.42670349,40.83844848
Romania,2001,3044.9,3029.4,64.420356101171,41.36975287,40.79491533
Romania,2002,2058.0,2512.5,64.4625222952103,39.00992823,40.78827163
Romania,2003,1757.0,2534.9,64.3618177864753,46.11839593,40.77843009
Romania,2004,3477.5,3997.4,61.4347826086956,37.75874404,38.76086957
Romania,2005,2998.5,3334.2,61.6575354378642,36.16775104,39.06861466
Romania,2006,2773.7,3102.3,61.0444386468388,34.59992372,38.86859727
Romania,2007,1610.0,1645.2,59.2892252816564,36.56430595,37.73543869
Romania,2008,3422.2,3247.3,59.3040452370596,41.54331942,37.9338843
Romania,2009,2430.5,2824.8,59.2062940102582,43.52159706,38.20307746
Romania,2010,2700.0,3329.7,61.5344490328189,65.2383465,39.75657466
Romania,2011,3665.0,3993.0,60.7464048312117,72.8788466,39.07981057
Romania,2012,2659.3,2364.1,59.7035040431267,61.73097823,38.24884793
Romania,2013,3478.6,3863.2,60.4486371342868,66.56363352,38.02112768
Romania,2014,3598.4,4069.2,60.1095271210014,58.96249508,38.15194715
Romania,2015,3787.2,3543.9,60.2312239221141,111.4387551,38.15194715
Romania,2016,3948.4,3971.3,58.7665159944367,129.3359665,37.30006954
Romania,2017,4891.1,5227.7,58.1449930458971,125.4590631,37.13056328
Romania,2018,4793.5,5997.2,58.3014603616134,135.9112869,37.75208623
Romania,2019,4748.8,5457.5,60.0921418636996,84.80589399,38.96905424
Romania,2020,2966.0,3398.6,56.7150556328234,57.39381827,36.86978442
Romania,2021,4796.9,5187.8,56.8454450625869,123.9062168,37.32614743
Romania,2022,4004.4,3634.1,55.1025730180807,455.9992199,35.68758693
Romania,2023,4152.4,4020.8,55.2633866481224,544.1518421,36.53946453
Russian Federation,2000,1614.4,1561.4,13.2566688683588,12.36104703,7.592419179
Russian Federation,2001,2058.3,1934.7,13.2390216624218,12.78702389,7.561457446
Russian Federation,2002,2068.1,1969.1,13.2257977869402,10.46361625,7.537113255
Russian Federation,2003,1703.0,1777.4,13.2029341345878,9.596385113,7.481786804
Russian Federation,2004,1982.3,1876.5,13.1846021330511,8.829472085,7.45646084
Russian Federation,2005,1929.1,1852.7,13.1661598924145,8.639874865,7.43410663
Russian Federation,2006,1949.2,1886.9,13.1573709193088,9.362766876,7.423124314
Russian Federation,2007,2100.7,1989.8,13.1558444571717,10.02377509,7.423124314
Russian Federation,2008,2445.9,2387.3,13.1584362579663,11.92740293,7.428098287
Russian Federation,2009,2318.2,2280.6,13.1584362579663,17.74189125,7.428098287
Russian Federation,2010,1918.1,1842.7,13.1584362579663,11.37057763,7.428098287
Russian Federation,2011,2264.5,2260.3,13.1584362579663,11.4429138,7.428098287
Russian Federation,2012,1772.7,1858.9,13.1584362579663,11.82878491,7.428098287
Russian Federation,2013,2228.8,2241.0,13.1584362579663,10.0918068,7.428098287
Russian Federation,2014,2497.6,2444.0,13.1584362579663,9.806931797,7.428098287
Russian Federation,2015,2388.3,2391.7,13.1584362579663,10.06175076,7.428098287
Russian Federation,2016,2685.4,2650.8,13.1584362579663,10.91829805,7.428098287
Russian Federation,2017,3125.4,2967.1,13.1584362579663,10.95805841,7.428098287
Russian Federation,2018,2725.0,2615.6,13.1584362579663,11.02722383,7.428098287
Russian Federation,2019,2701.6,2713.2,13.1584362579663,11.59423121,7.428098287
Russian Federation,2020,2975.9,2904.8,13.1584362579663,12.3673018,7.428098287
Russian Federation,2021,2724.4,2705.4,13.1584362579663,12.65994892,7.428098287
Russian Federation,2022,3550.8,3428.8,13.1584362579663,14.56473619,7.428098287
Russian Federation,2023,3224.1,3166.6,13.171076035897,13.483549,7.428098287
Saudi Arabia,2000,4264.0,3516.4,80.8488472291354,26.86496564,1.677896999
Saudi Arabia,2001,4908.1,3932.0,80.8435945647977,25.64212214,1.673574701
Saudi Arabia,2002,4887.5,4047.6,80.8402025873498,23.56878474,1.669252357
Saudi Arabia,2003,4884.9,4228.9,80.8382062064763,24.19661171,1.66493006
Saudi Arabia,2004,5306.6,4675.2,80.8390008791965,26.00026065,1.660607716
Saudi Arabia,2005,5417.5,4753.2,80.8384000483791,21.04728586,1.656285418
Saudi Arabia,2006,5617.2,5047.1,80.8373339876913,20.96952544,1.651963074
Saudi Arabia,2007,5684.4,5121.8,80.8353375602994,17.1502796,1.64764073
Saudi Arabia,2008,6087.7,5221.3,80.8328759960739,11.73272933,1.643318432
Saudi Arabia,2009,5883.3,4874.4,80.831344752034,10.7879925,1.638996088
Saudi Arabia,2010,6147.4,5507.8,80.8209750708242,10.76852565,1.63467379
Saudi Arabia,2011,6142.9,5483.3,80.8180482767283,11.65707237,1.630351446
Saudi Arabia,2012,5925.4,5164.2,80.8132607957426,10.19129288,1.626029148
Saudi Arabia,2013,6433.3,5359.8,80.8084732682387,8.243667297,1.621706804
Saudi Arabia,2014,5880.0,5192.8,80.7661454907452,9.477704339,1.617384507
Saudi Arabia,2015,6142.0,5582.8,80.7626139582917,8.781209746,1.613062162
Saudi Arabia,2016,5925.0,5440.9,80.7596872107141,8.051722819,1.608739865
Saudi Arabia,2017,6433.3,5630.9,80.7591328517135,7.300463754,1.604417521
Saudi Arabia,2018,6533.4,5605.5,80.7582529108848,7.094140136,1.600095223
Saudi Arabia,2019,5902.3,5295.4,80.7636691802074,7.073009543,1.595772879
Saudi Arabia,2020,6375.5,4819.4,80.7734077936819,9.125483411,1.595772879
Saudi Arabia,2021,6700.0,4727.5,80.7732356758416,8.461462208,1.595772879
Saudi Arabia,2022,6800.0,5002.1,80.7732356758416,7.9056615,1.595772879
Saudi Arabia,2023,6256.1,5121.7,80.7732356758416,7.135057655,1.595772879
Serbia,2006,3474.0,4455.2,40.441344614681,296.9665048,29.67871027
Serbia,2007,3332.7,3232.6,40.8518179739309,269.6733562,29.91996341
Serbia,2008,4299.1,4570.6,41.2028355819803,304.3410787,30.4196204
Serbia,2009,3642.3,4601.1,40.2241024468328,288.8959081,29.88451864
Serbia,2010,3367.2,4958.8,40.2652641207409,189.4150542,30.34873085
Serbia,2011,4211.4,4751.4,40.3407271895724,175.5628462,30.17951063
Serbia,2012,3977.0,3701.7,39.5906700205808,236.3984538,29.29453464
Serbia,2013,4259.2,5157.8,39.9176766521839,210.9425281,29.61696776
Serbia,2014,3947.4,5960.6,40.0914703864624,222.0122437,29.79304825
Serbia,2015,4116.1,4787.3,39.8010519094443,257.009376,29.62497142
Serbia,2016,4847.0,6165.9,39.5152069517494,346.4652483,29.705008
Serbia,2017,4092.0,3967.9,39.0921564143609,261.3923798,29.67070661
Serbia,2018,4574.2,6132.1,39.6066773382118,149.1892808,29.53350103
Serbia,2019,4389.0,6128.1,39.5609421449806,155.8009543,29.48776584
Serbia,2020,4944.7,6569.7,41.4080152217862,280.4896436,30.96682126
Serbia,2021,5749.3,5770.0,41.443691283149,137.445148,31.09763349
Serbia,2022,4927.7,4637.8,41.2534189558806,212.8593881,30.91925318
Serbia,2023,5054.9,6105.8,40.3853014627185,236.6319947,30.95492924
Slovenia,2002,4894.3,6117.9,25.0744786494538,16333.49398,8.341608739
Slovenia,2003,3454.3,4011.5,25.3227408142999,21640.625,8.589870904
Slovenia,2004,4533.9,5826.2,24.428997020854,15435.45232,8.738828203
Slovenia,2005,4700.5,6006.9,25.2730883813307,101756.1404,8.738828203
South Africa,2000,2599.7,2765.9,80.888474886447,128.3460472,11.3857999
South Africa,2001,2570.8,2424.1,80.796148678169,147.914646,11.28110857
South Africa,2002,2590.6,2772.6,80.8085137953491,148.6978188,11.29347369
South Africa,2003,2068.0,2536.8,80.7260796808151,126.3546159,11.21103958
South Africa,2004,2032.5,2777.9,80.4622905143064,163.2379886,10.96373723
South Africa,2005,2366.5,3309.6,80.359247871139,150.6974384,10.86069459
South Africa,2006,2751.6,3141.0,79.8687648896619,183.1287013,10.38669843
South Africa,2007,3014.2,2790.3,79.8704135719526,152.4636129,10.38669843
South Africa,2008,2847.6,4063.2,80.0501199416366,173.8366707,10.55156666
South Africa,2009,3047.5,4405.5,79.9511990041959,180.1889201,10.4361589
South Africa,2010,2562.3,4150.4,79.871237913098,171.0225831,10.33146757
South Africa,2011,3315.7,4017.0,79.4450535409574,186.5364851,9.919297002
South Africa,2012,3747.6,4243.5,79.4178502831612,158.0410607,9.892093744
South Africa,2013,3699.3,4043.0,79.4178502831612,235.7392317,9.892093744
South Africa,2014,3672.1,4899.6,79.4178502831612,184.7846225,9.892093744
South Africa,2015,2986.6,3348.4,79.4178502831612,238.4590996,9.892093744
South Africa,2016,3757.1,3623.1,79.4178502831612,203.5555556,9.892093744
South Africa,2017,3122.5,5331.8,79.4178502831612,237.9901961,9.892093744
South Africa,2018,3711.1,4651.9,79.4178502831612,281.16671,9.892093744
South Africa,2019,2842.6,4101.6,79.4178502831612,332.2742081,9.892093744
South Africa,2020,4158.5,5121.8,79.4178502831612,338.4332735,9.892093744
South Africa,2021,4364.9,5504.7,79.4178502831612,375.7229204,9.892093744
South Africa,2022,3722.7,5326.8,79.4178502831612,328.4251945,9.892093744
South Africa,2023,3810.8,5726.1,79.4178502831612,491.1129374,9.892093744
Spain,2000,3099.7,3603.3,59.6513026052104,119.1331338,26.85370741
Spain,2001,2300.3,2804.7,59.2152772205729,126.4060791,26.20556848
Spain,2002,2834.7,3222.0,58.9511862776531,135.9301405,25.86766592
Spain,2003,2923.6,3250.7,58.3982692654394,124.595985,26.07519881
Spain,2004,3262.8,3750.1,58.2375095156056,118.047293,26.09279218
Spain,2005,1770.7,2159.3,58.4343505179427,103.7374811,25.87308902
Spain,2006,2875.5,3028.2,57.3429796785442,112.7065354,25.49200369
Spain,2007,3569.2,3933.9,56.1078720121817,117.1853674,25.21688606
Spain,2008,3248.3,3573.5,56.4194065757819,89.16995671,25.03608661
Spain,2009,2710.3,2944.8,56.0903220631292,106.1450037,25.06116392
Spain,2010,3049.8,3291.5,55.0888982220356,112.1510309,25.05549889
Spain,2011,3447.5,3691.8,54.0409698327599,95.72401335,24.86396735
Spain,2012,2371.8,2842.5,53.8613782211471,90.7532294,25.12944563
Spain,2013,3644.7,4047.1,53.4439535395134,104.5284013,24.35177226
Spain,2014,2980.6,3248.5,53.1336838527818,117.4949831,24.54569081
Spain,2015,2923.6,3243.1,53.1890621841609,112.7348505,24.57310056
Spain,2016,3488.6,3877.8,52.5772473596977,110.4530592,24.69589482
Spain,2017,2326.3,2770.2,52.6387138276281,120.3545066,24.52974077
Spain,2018,4032.8,4205.5,52.408209711446,114.592826,23.78736818
Spain,2019,3146.3,3445.5,52.4584917258728,121.7860332,23.64496217
Spain,2020,4253.2,4501.5,52.3316792232841,132.8093896,23.29945606
Spain,2021,4023.8,4227.4,52.4848941208322,97.33883952,23.11243756
Spain,2022,2995.7,3307.4,53.3572810066811,84.79795044,23.39451319
Spain,2023,2068.3,2190.9,49.5753269878931,111.1538408,23.0074341
Sweden,2000,5906.6,4560.3,7.30127704223281,222.4267717,6.381160491
Sweden,2001,5941.2,4583.3,7.49718232718294,301.5800227,6.57632929
Sweden,2002,6148.7,4780.4,7.70830832349511,307.7100115,6.516673921
Sweden,2003,5484.9,4584.5,7.68081284490562,322.8828918,6.485005022
Sweden,2004,5979.8,4892.9,7.74095920432013,312.2822195,6.495070331
Sweden,2005,6333.4,4932.3,7.85879696970366,306.6404227,6.596705403
Sweden,2006,5462.7,4292.2,7.73334884863911,255.6919643,6.49457934
Sweden,2007,6257.1,5150.8,7.66166420803079,264.4459627,6.459964496
Switzerland,2000,5947.7,6402.2,39.6172730401124,592.9466667,10.32392535
Syrian Arab Republic,2000,1849.8,1148.6,74.6055065839591,187.7247047,24.71433235
Syrian Arab Republic,2001,2817.8,1692.6,74.6708020459245,136.4941336,25.22037218
Syrian Arab Republic,2002,2843.6,1993.5,74.8666884318207,134.0184459,24.99183807
Syrian Arab Republic,2003,2735.5,1999.0,75.2383027398006,146.8968665,25.19200392
Syrian Arab Republic,2004,2477.8,1657.5,75.7476711881026,161.0740957,25.91382034
Syrian Arab Republic,2005,2452.3,1711.4,75.3282126709157,154.5161667,25.46712426
Syrian Arab Republic,2006,2759.9,2002.3,75.5704405598214,156.7154641,25.43157436
Syrian Arab Republic,2007,2423.1,1622.4,75.6752341537791,162.6821425,25.78958832
Syrian Arab Republic,2008,1439.7,896.7,75.6806795905032,171.5700717,25.58810717
Syrian Arab Republic,2009,2575.4,1707.7,75.7351339577434,153.205829,25.4301895
Syrian Arab Republic,2010,1928.0,1231.9,75.7392582911289,68.23793985,25.52415183
Syrian Arab Republic,2011,2536.6,1679.0,75.7773784240048,90.3085554,25.3880085
Syrian Arab Republic,2012,2251.7,1643.5,75.8100528236127,128.0101624,25.4043457
Syrian Arab Republic,2013,2315.8,1576.0,75.8100528236127,153.271096,25.3880085
Syrian Arab Republic,2014,1571.8,1063.1,75.7991613570767,73.35354025,25.38256276
Tajikistan,2000,1183.9,1310.7,32.6736210345813,222.5,5.601600457
Tajikistan,2001,1309.8,1397.9,32.6736210345813,302.5,5.594455559
Tajikistan,2004,1989.7,2150.4,33.2237782223492,243.5875,5.558731066
Tajikistan,2005,1960.3,2164.4,33.3809659902829,154.1851852,5.408688197
Tajikistan,2006,1996.7,2158.7,33.8310945984567,174.5658904,5.265790226
Tajikistan,2007,2350.0,2440.0,33.7882252072021,107.2138421,5.330094313
Tajikistan,2008,1986.6,2141.0,33.7739354101172,77.2778828,5.29436982
Thailand,2000,696.9,2719.0,42.8565836089961,987.9025316,34.59648848
Thailand,2001,701.0,2952.6,43.0386188807767,973.4520231,34.7198027
Thailand,2002,706.5,2998.3,43.2206541525573,945.8058511,34.80396954
Thailand,2003,738.8,2998.8,43.4026894243379,1405.766402,34.88030692
Thailand,2004,756.6,2961.0,43.5847246961185,1065.333333,35.06038482
Thailand,2005,775.7,3046.8,43.7667599678992,1027.174482,35.13476482
Thailand,2006,792.2,3009.5,43.9487952396798,1306.143586,35.14063693
Thailand,2007,808.3,3089.4,44.1288731429466,1529.540146,35.12497798
Thailand,2008,824.8,3063.5,44.3109084147272,1440.249635,34.91553955
Thailand,2009,848.3,2995.9,44.4929436865079,1396.251095,34.34594531
Thailand,2010,878.6,3071.3,44.6749789582885,1832.472993,35.24144141
Thailand,2011,913.4,3257.2,44.6828084323436,2574.104,35.03846229
Thailand,2012,869.6,3256.6,44.6906379063986,2302.653636,34.02513261
Thailand,2013,1250.0,3214.0,44.6989868660573,2625.960637,33.94911899
Thailand,2014,1082.3,3141.1,44.7102115915363,2507.952113,33.33692184
Thailand,2015,1005.0,2958.7,44.7180410655914,2102.598346,33.10653957
Thailand,2016,1036.3,3064.5,44.7102115915363,2181.99912,33.01884946
Thailand,2017,1071.9,3172.3,44.7199984341052,1904.314286,32.81273855
Thailand,2018,1030.6,3151.7,44.7174470042475,1585.505472,32.76046996
Thailand,2019,1021.1,3021.6,45.019475816712,1492.315415,32.54795944
Thailand,2020,1022.7,3014.1,45.5516837283955,192.6433313,32.92998434
Thailand,2021,1009.8,3062.0,45.9981600735971,164.206378,31.69057919
Thailand,2022,1025.9,3105.6,45.9981600735971,368.2853322,31.03075026
Thailand,2023,1023.0,3071.7,43.7980778641195,423.2663532,30.99532189
Tunisia,2000,1172.7,984.5,61.476570545829,9.77602108,18.4346035
Tunisia,2001,2000.0,1715.3,61.1418640576725,8.633341967,17.85530381
Tunisia,2002,1414.4,1233.7,62.8411431513903,7.976958352,17.83599382
Tunisia,2003,2141.2,1515.5,62.9763130792997,8.191842362,17.95829042
Tunisia,2004,1663.4,1309.6,63.2723995880536,9.314247192,17.96472709
Tunisia,2005,1691.8,1442.8,63.2337796086509,10.60894534,17.57209063
Tunisia,2006,1494.1,1256.1,63.1179196704428,10.76344126,17.78450051
Tunisia,2007,1876.2,1622.5,63.1114830072091,11.69121002,17.59140062
Tunisia,2008,1717.4,1467.3,63.6006694129763,9.473547132,18.24794027
Tunisia,2009,2103.8,1877.6,63.0084963954686,11.62117668,17.42404737
Tunisia,2010,1892.3,1694.1,64.6112255406797,10.12766669,18.17070031
Tunisia,2011,2079.1,1710.8,64.8300720906282,26.28518183,18.27368692
Tunisia,2012,2020.3,1674.3,63.8645726055613,19.7548878,18.33161689
Tunisia,2013,1461.4,1136.2,63.9997425334707,13.53883715,18.36380021
Tunisia,2014,2093.0,1805.8,62.8282698249228,17.10374957,16.65808445
Tunisia,2015,1398.5,1102.7,63.2981462409887,30.60871381,16.54222451
Tunisia,2016,1822.7,1541.2,62.45236869207,26.90712367,16.50102987
Tunisia,2017,1636.0,1304.0,62.7117662203914,21.02566642,16.77973738
Tunisia,2018,1734.5,1223.4,62.4388516992791,34.46195332,16.53964985
Tunisia,2019,2262.8,1946.8,62.4388516992791,33.82035657,16.53964985
Tunisia,2020,1719.5,1324.6,62.4388516992791,25.13789017,18.22412461
Tunisia,2021,1952.5,1452.0,62.4388516992791,46.03420306,18.22412461
Tunisia,2022,1960.3,1640.7,62.4388516992791,41.88917207,18.22412461
Tunisia,2023,1428.6,1152.4,62.4388516992791,32.65091512,18.22412461
Turkmenistan,2000,2414.3,2122.4,75.5431660034473,167.6666667,3.404677931
Turkmenistan,2001,2514.3,2319.0,75.5431660034473,186.6666667,3.404677931
Turkmenistan,2002,3186.3,2921.1,75.2239695273764,133.2142857,3.543071734
Turkmenistan,2003,2925.9,2769.5,74.8834932862341,156.0453401,3.778871321
Turkmenistan,2004,3170.7,2931.6,74.5855765752346,179.4264339,3.848731513
Turkmenistan,2005,3148.9,2926.7,74.2238205690209,115.1295961,4.25701147
Turkmenistan,2006,3524.3,3288.4,73.8407847977358,108.1137599,4.318482114
Turkmenistan,2007,1300.0,1300.0,73.5215883216649,105.6862745,3.945518694
Turkmenistan,2008,1100.0,1100.0,73.0959930202371,89.9,3.946015364
Turkmenistan,2009,1600.0,1600.0,72.7874364267018,81.43283582,3.835751069
Turkmenistan,2010,1700.0,1700.0,72.3512012427383,80.88235294,3.82031643
Turkmenistan,2011,1361.9,1366.0,72.0064690485817,80.88235294,3.775085225
Turkmenistan,2012,1453.6,1490.8,73.5761177196604,82.35294118,3.831393612
Turkmenistan,2013,1572.8,1643.1,75.145766390739,136.1837456,3.967335561
Turkmenistan,2014,1642.4,1738.3,76.7154150618177,106.2140992,3.565492307
Turkmenistan,2015,1811.5,1909.5,78.2850637328964,100.0193424,3.661757709
Turkmenistan,2016,1834.3,1880.2,79.8547124039751,86.89903846,3.853469027
Turkmenistan,2017,1796.1,1843.8,81.4243610750537,79.5,3.856271147
Turkmenistan,2018,1426.6,1496.8,82.9940097461324,81.79542203,3.54886515
Turkmenistan,2019,2172.6,2214.1,84.5636584172111,69.83908662,3.367310025
Turkmenistan,2020,2141.5,2191.4,84.5587640712447,62.5862069,3.417104675
Turkmenistan,2021,2007.6,2121.4,84.5536569276275,56.81973216,3.395399315
Turkmenistan,2022,1719.2,1892.4,84.5536569276275,67.67290192,3.426893367
Turkmenistan,2023,1658.2,1834.2,84.2215632115421,67.67290192,3.386758028
Ukraine,2000,1975.6,1950.8,71.4697505825494,19.76639712,56.20781911
Ukraine,2001,3102.0,2729.5,71.4335030637784,22.29434175,56.16121515
Ukraine,2002,3045.5,2752.2,71.4537232022646,22.87330287,56.17426727
Ukraine,2003,2938.5,2278.4,71.3829530155004,20.91550455,56.06379673
Ukraine,2004,3166.1,2845.2,71.3812269133842,22.40009342,56.06724894
Ukraine,2005,2845.7,2623.0,71.2899996548034,20.80004474,56.01159861
Ukraine,2006,2530.8,2427.7,71.2579397956366,26.71069241,56.00317592
Ukraine,2007,2342.0,2206.7,71.2305594393524,29.40111512,55.9853624
Ukraine,2008,3669.8,3486.9,71.2766691983705,36.18050836,56.05537527
Ukraine,2009,3093.0,3003.8,71.2490506110613,42.18127158,56.06227991
Ukraine,2010,2681.6,2726.6,71.2335151556998,48.97853633,56.06055375
Ukraine,2011,3353.3,3753.7,71.2576814195954,44.1290922,56.09852931
Ukraine,2012,2799.9,3156.8,71.2853000069046,47.01177276,56.13132638
Ukraine,2013,3393.1,4030.8,71.6805910377684,65.62934017,56.57840226
Ukraine,2014,4011.9,4400.2,71.658409432236,85.90212584,56.56924856
Ukraine,2015,3879.2,4140.9,71.6532306789345,95.90570266,56.57787982
Ukraine,2016,4205.6,4651.6,71.665314436638,110.9680119,56.57960607
Ukraine,2017,4109.7,4314.6,71.6191955808735,188.3145583,56.57345072
Ukraine,2018,3724.2,4850.3,71.3306869175009,209.6196629,56.76389368
Ukraine,2019,4156.6,4978.3,71.2996202968588,208.8235394,56.824301
Ukraine,2020,3795.0,4295.5,71.2996202968588,253.0506916,56.824301
Ukraine,2021,4533.2,5454.6,71.2996202968588,262.7544367,56.824301
United Arab Emirates,2000,6500.0,17504.7,7.70205575894114,14.42070666,0.844832442
United Arab Emirates,2001,3533.3,17476.9,7.91326386933258,12.63994222,0.999718389
United Arab Emirates,2002,3411.8,18064.6,7.96958603210363,13.31277873,1.056040552
United Arab Emirates,2003,2500.0,20927.8,7.80061954379048,12.44211176,0.901154604
United Arab Emirates,2004,2000.0,20373.6,7.80061954379048,12.73771269,0.887074064
United Arab Emirates,2005,2000.0,20215.2,7.84286116586877,9.620360551,0.957476767
United Arab Emirates,2006,2600.0,20900.8,7.58377921712194,11.19300106,0.712475359
United Arab Emirates,2007,3000.0,21428.6,7.49929597296536,11.121421,0.627992115
United Arab Emirates,2008,3000.0,22265.9,7.5978597578147,10.9252386,0.7265559
Uruguay,2000,2534.4,3892.0,85.4645183407611,694.1466667,7.844817735
Uruguay,2001,1148.8,3338.6,85.4873728716718,968.05,7.867672266
Uruguay,2002,2000.0,3467.4,85.264541195292,702.3166667,7.890526797
Uruguay,2003,1501.1,3504.0,85.2873957262027,856.563059,7.913381328
Uruguay,2004,2769.8,4409.7,84.7274597188893,1128.744686,7.936235859
Uruguay,2005,2970.4,4339.9,84.7446006170723,747.3700294,7.953376757
Uruguay,2006,2958.3,4493.5,83.961832933379,927.1561928,7.976231288
Uruguay,2007,3160.3,4347.2,83.1333561878643,1611.259781,8.433321906
Uruguay,2008,2842.0,4324.6,83.8418466460976,2206.712963,10.43309336
Uruguay,2009,2856.0,3884.9,84.6417552279739,2290.744444,12.54142384
Uruguay,2010,3358.3,4176.4,82.4648611587247,1496.858586,11.61581534
Uruguay,2011,3219.6,4410.9,82.9962290023997,2813.590909,13.43846418
Uruguay,2012,3397.9,4070.5,81.3449891440978,1539.216,12.34144669
Uruguay,2013,2182.2,3766.2,81.9717746543252,2530.930435,13.18535025
Uruguay,2014,3317.7,4351.8,82.7054050965604,2740.481707,13.91898069
Uruguay,2015,2696.7,4142.9,82.6625528511027,1813.522581,13.87612844
Uruguay,2016,3608.2,4766.7,81.5066849502914,1671.710784,12.72026054
Uruguay,2017,3520.9,5056.6,81.2644269226374,2258.381579,12.47800251
Uruguay,2018,2279.8,3941.1,81.0810193120786,2178.037838,12.2945949
Uruguay,2019,3667.3,5329.4,80.7182036338704,1885.232432,11.93177923
Uzbekistan,2000,2717.4,2684.3,62.6839310495109,91.60611376,10.27605427
Uzbekistan,2001,3150.9,3042.9,62.6848141019612,103.2540138,10.2796213
Uzbekistan,2002,4041.0,3765.9,62.0447751949366,93.57105674,10.28650344
Uzbekistan,2003,3731.5,3522.4,61.6343601520612,86.61417323,10.19783104
Uzbekistan,2004,3745.7,3596.1,61.2224763853868,73.25363338,10.10891287
Uzbekistan,2005,4207.3,4042.1,60.8077568148602,77.67452943,10.01952511
Uzbekistan,2006,4210.8,4103.2,60.3923368131238,76.01530938,9.930021796
Uzbekistan,2007,4478.6,4396.9,59.9586223347646,70.8022654,9.837516973
Uzbekistan,2008,4477.1,4285.3,59.5457913098927,70.18262911,9.748444263
Uzbekistan,2009,4901.3,4553.1,59.1336063035475,77.65029817,9.659475393
Uzbekistan,2010,4600.0,4434.2,58.7255558716379,80.72968999,9.571178182
Uzbekistan,2011,4556.0,4414.5,58.3214206223369,76.05280757,9.483512273
Uzbekistan,2012,4709.5,4597.9,57.907296925195,70.16897343,9.394217531
Uzbekistan,2013,4739.3,4746.4,57.5048934231933,84.0351563,9.304961805
Uzbekistan,2014,4782.1,4806.6,58.6109332727536,82.58560841,9.279720232
Uzbekistan,2015,4817.5,4835.2,57.984566500227,81.40497668,9.171584203
Uzbekistan,2016,4802.3,4827.0,57.9805306962693,83.53592621,9.158834384
Uzbekistan,2017,4316.5,4298.2,57.9525543137807,89.66621274,9.138696469
Uzbekistan,2018,4126.0,4103.9,57.9234067278426,74.83545017,9.123737196
Uzbekistan,2019,4649.3,4554.0,58.0070592775022,90.31473655,9.155497044
Uzbekistan,2020,4555.6,4510.8,58.2832179734483,91.39787951,9.129694769
Uzbekistan,2021,4824.5,4774.4,58.3012029873846,78.92377899,9.113974034
Uzbekistan,2022,4987.8,5007.8,58.4792534698583,68.6399477,9.142134837
Uzbekistan,2023,5266.2,5343.6,58.0551458073301,87.71890121,9.143311018
Zambia,2000,6210.2,1682.3,30.3017258773995,3487.888889,3.825717322
Zimbabwe,2000,5400.0,1159.5,39.0780881478609,163.0177515,9.567123433
Zimbabwe,2001,5300.0,1193.9,39.2816766188445,177.8037383,9.305932532
Zimbabwe,2002,5000.0,539.1,39.8788080651415,139.8175966,9.435181595
Zimbabwe,2003,3000.0,795.3,40.3513447072509,162.4382647,9.435181595
Zimbabwe,2004,3500.0,1205.9,41.2496238852268,84.65882353,9.822928784
Zimbabwe,2005,3500.0,653.8,41.5032089957348,96.17420814,10.08142691
Zimbabwe,2006,3600.0,934.2,42.0098622204989,209.5750395,10.59842316
Zimbabwe,2007,2999.8,806.7,41.7441240791004,170.0330189,10.33992504
Zimbabwe,2008,3009.7,309.7,42.3663220886649,251.2768817,10.98617035
Zimbabwe,2009,3000.0,452.4,41.9757303864547,455.5598456,10.59842316
Zimbabwe,2010,2778.8,733.4,41.7133537546853,441.2038835,10.33992504
Zimbabwe,2011,2660.4,587.4,42.2313842574641,398.225,10.85692129
Zimbabwe,2012,2490.2,695.7,41.8512917151351,359.6059113,10.47863875
Zimbabwe,2013,2343.0,668.5,41.8442528111671,368.705036,10.47082409
Zimbabwe,2014,2215.0,831.4,41.8387654129508,349.4915254,10.46300969
Zimbabwe,2015,2048.6,557.5,41.8325022618586,251.1182109,10.45519504
Zimbabwe,2016,1901.3,435.1,41.8275321183921,944.2028986,10.44738038
Zimbabwe,2017,1754.2,1203.3,41.8217862220499,671.559633,10.43956598
Zimbabwe,2018,2717.8,1254.2,41.8168160785834,623.4741784,10.43175132
Zimbabwe,2019,3914.9,749.6,41.8196029468786,623.4741784,10.42393693
Zimbabwe,2020,4779.6,1149.4,41.8169598035414,166.4274029,10.41612227
Zimbabwe,2021,5075.9,1545.5,41.8091454051958,303.5807771,10.40830787
Zimbabwe,2022,5145.6,956.9,41.7977107405971,253.2597137,10.40049321
